Workbook

Sheet MAYO 2024
A1: Consumo Flota Campana MAYO 2024
A5: Unidad | B5: Lts | C5: Kms | D5: Promedio
A6: AA129CZ | B6: 7825 | C6: 19338 | D6: =+B6/C6*100 -> 40.464371
A7: AA850LE | B7: 5055 | C7: 13386 | D7: =+B7/C7*100 -> 37.763335
A8: AB398KI | B8: 4093 | C8: 10335 | D8: =+B8/C8*100 -> 39.60329
A9: AB398KK | B9: 8875 | C9: 23052 | D9: =+B9/C9*100 -> 38.499913
A10: AB398KL | B10: 6353 | C10: 14902 | D10: =+B10/C10*100 -> 42.631861
A11: AB475SV | B11: 2165 | C11: 5393 | D11: =+B11/C11*100 -> 40.144632
A12: AB475SX | B12: 5842 | C12: 16836 | D12: =+B12/C12*100 -> 34.699454
A13: AB475SZ | B13: 6266 | C13: 15086 | D13: =+B13/C13*100 -> 41.535198
A14: AB475TG | B14: 7217 | C14: 16785 | D14: =+B14/C14*100 -> 42.996723
A15: AB475TH | B15: 4525 | C15: 12061 | D15: =+B15/C15*100 -> 37.517619
A16: AB475TI | B16: 5399 | C16: 14223 | D16: =+B16/C16*100 -> 37.959643
A17: AB475TJ | B17: 5777 | C17: 15607 | D17: =+B17/C17*100 -> 37.015442
... A56: AG006FU | B56: 5866 | C56: 13911 | D56: =+B56/C56*100 -> 42.168068
A57: AG006FV | B57: 0 | C57: 0
A58: AG006FY | B58: 6962 | C58: 18886 | D58: =+B58/C58*100 -> 36.863285
A59: AG235ER | B59: 9026 | C59: 23929 | D59: =+B59/C59*100 -> 37.719921
A60: AG326PH | B60: 6008 | C60: 17249 | D60: =+B60/C60*100 -> 34.831005
A61: AG326PT | B61: 6017 | C61: 17165 | D61: =+B61/C61*100 -> 35.053889
A62: AG391AY | B62: 5233 | C62: 14447 | D62: =+B62/C62*100 -> 36.222053
A63: AG391AZ | B63: 6024 | C63: 17265 | D63: =+B63/C63*100 -> 34.891399
A64: AG391BA | B64: 7029 | C64: 20227 | D64: =+B64/C64*100 -> 34.750581
A65: AG391BB | B65: 6889 | C65: 19196 | D65: =+B65/C65*100 -> 35.887685
A66: AG391BC | B66: 6966 | C66: 19296 | D66: =+B66/C66*100 -> 36.100746
A67: AG478GO | B67: 7081 | C67: 20098 | D67: =+B67/C67*100 -> 35.232361
A68: FMO441 | B68: 0 | C68: 0
A69: KHY272 | B69: 5162 | C69: 14728 | D69: =+B69/C69*100 -> 35.048886
A70: LDJ115 | B70: 5448 | C70: 14519 | D70: =+B70/C70*100 -> 37.523245
A71: LIQ701 | B71: 6331 | C71: 16604 | D71: =+B71/C71*100 -> 38.129366
A72: LIQ702 | B72: 4920 | C72: 13753 | D72: =+B72/C72*100 -> 35.774013
A73: LLA868 | B73: 5361 | C73: 13818 | D73: =+B73/C73*100 -> 38.797221
A74: LLA869 | B74: 7131 | C74: 16904 | D74: =+B74/C74*100 -> 42.185282
A75: LLN460 | B75: 4800 | C75: 11883 | D75: =+B75/C75*100 -> 40.39384
A76: LLN461 | B76: 5893 | C76: 14842 | D76: =+B76/C76*100 -> 39.704892
A77: LLN462 | B77: 5489 | C77: 14036 | D77: =+B77/C77*100 -> 39.106583
A78: LLN463 | B78: 5548 | C78: 14080 | D78: =+B78/C78*100 -> 39.403409
A79: LTL641 | B79: 4222 | C79: 11490 | D79: =+B79/C79*100 -> 36.744996
A80: MIA865 | B80: 6349 | C80: 17523 | D80: =+B80/C80*100 -> 36.23238
... A95: OYD518 | B95: 6669 | C95: 16716 | D95: =+B95/C95*100 -> 39.895908
A96: OYD523 | B96: 0 | C96: 0
A97: OYE456 | B97: 6607 | C97: 16470 | D97: =+B97/C97*100 -> 40.115361
A98: OYE471 | B98: 5284 | C98: 13715 | D98: =+B98/C98*100 -> 38.52716
A99: PCK145 | B99: 6985 | C99: 17746 | D99: =+B99/C99*100 -> 39.360983
A100: PCK155 | B100: 7696 | C100: 20354 | D100: =+B100/C100*100 -> 37.81075
A101: PCK169 | B101: 5879 | C101: 13692 | D101: =+B101/C101*100 -> 42.937482
A102: PNH467 | B102: 4958 | C102: 12193 | D102: =+B102/C102*100 -> 40.662675
A103: PNH470 | B103: 7597 | C103: 19730 | D103: =+B103/C103*100 -> 38.504815
A104: PNH473 | B104: 7197 | C104: 19077 | D104: =+B104/C104*100 -> 37.726058
A105: Total | B105: =SUM(B6:B104) -> 584899 | C105: =SUM(C6:C104) -> 1570552 | D105: =+B105/C105*100 -> 37.24162

Sheet JUNIO 2024
A1: Consumo Flota Campana JUNIO 2024
A5: Unidad | B5: Lts | C5: Kms | D5: Promedio
A6: AF553MI | B6: 6721 | C6: 20359 | D6: =+B6/C6*100 -> 33.012427
A7: AF839EW | B7: 5826 | C7: 17509 | D7: =+B7/C7*100 -> 33.274316
A8: AF086VB | B8: 6505 | C8: 19511 | D8: =+B8/C8*100 -> 33.340167
A9: AF369FA | B9: 6641 | C9: 19876 | D9: =+B9/C9*100 -> 33.412155
A10: AG391BA | B10: 4685 | C10: 13981 | D10: =+B10/C10*100 -> 33.509763
A11: AF140WW | B11: 5995 | C11: 17730 | D11: =+B11/C11*100 -> 33.812747
A12: AF241FJ | B12: 4746 | C12: 14023 | D12: =+B12/C12*100 -> 33.844398
A13: AG006FV | B13: 5164 | C13: 15230 | D13: =+B13/C13*100 -> 33.906763
A14: AF193HQ | B14: 5855 | C14: 17263 | D14: =+B14/C14*100 -> 33.916469
A15: OFU770 | B15: 3705 | C15: 10905 | D15: =+B15/C15*100 -> 33.975241
A16: AF193HH | B16: 8061 | C16: 23635 | D16: =+B16/C16*100 -> 34.106198
A17: AF427QV | B17: 6646 | C17: 19454 | D17: =+B17/C17*100 -> 34.16264
... A29: AE418OT | B29: 6163 | C29: 17553 | D29: =+B29/C29*100 -> 35.110807
A30: AC576YM | B30: =450+5355 -> 5805 | C30: 16498 | D30: =+B30/C30*100 -> 35.186083
A31: AG391AZ | B31: 5873 | C31: 16614 | D31: =+B31/C31*100 -> 35.349705
A32: AG006FY | B32: 7253 | C32: 20428 | D32: =+B32/C32*100 -> 35.505189
A33: AG326PT | B33: 5008 | C33: 14049 | D33: =+B33/C33*100 -> 35.646665
A34: AC576ZN | B34: 5404 | C34: 15155 | D34: =+B34/C34*100 -> 35.658199
A35: KHY272 | B35: 6930 | C35: 19427 | D35: =+B35/C35*100 -> 35.672003
A36: AF304WT | B36: 6217 | C36: 17420 | D36: =+B36/C36*100 -> 35.688863
A37: AF639AI | B37: 6973 | C37: 19522 | D37: =+B37/C37*100 -> 35.718676
A38: AE887HJ | B38: 6737 | C38: 18846 | D38: =+B38/C38*100 -> 35.747639
A39: AF639AJ | B39: 6990 | C39: 19492 | D39: =+B39/C39*100 -> 35.860866
A40: AE418OU | B40: 6342 | C40: 17656 | D40: =+B40/C40*100 -> 35.919801
A41: AF193HG | B41: 7394 | C41: 20567 | D41: =+B41/C41*100 -> 35.950795
A42: AE814AC | B42: 5060 | C42: 14039 | D42: =+B42/C42*100 -> 36.042453
... A83: LLN461 | B83: 4395 | C83: 11276 | D83: =+B83/C83*100 -> 38.976587
A84: AA129CZ | B84: =370+5748 -> 6118 | C84: 15691 | D84: =+B84/C84*100 -> 38.990504
A85: PCK145 | B85: 5506 | C85: 14100 | D85: =+B85/C85*100 -> 39.049645
A86: OWG332 | B86: 5918 | C86: 15063 | D86: =+B86/C86*100 -> 39.288322
A87: NZB192 | B87: 4456 | C87: 11326 | D87: =+B87/C87*100 -> 39.343104
A88: LDJ115 | B88: 5507 | C88: 13905 | D88: =+B88/C88*100 -> 39.604459
A89: AB398KK | B89: 1227 | C89: 3096 | D89: =+B89/C89*100 -> 39.631783
A90: LLN462 | B90: 7096 | C90: 17863 | D90: =+B90/C90*100 -> 39.72457
A91: AC576YL | B91: 7219 | C91: 18100 | D91: =+B91/C91*100 -> 39.883978
A92: NZB193 | B92: 6463 | C92: 16064 | D92: =+B92/C92*100 -> 40.232819
A93: OYE456 | B93: 7957 | C93: 19767 | D93: =+B93/C93*100 -> 40.253959
A94: NZB189 | B94: 4362 | C94: 10826 | D94: =+B94/C94*100 -> 40.29189
A95: AB475SZ | B95: 7675 | C95: 18923 | D95: =+B95/C95*100 -> 40.559108
A96: PCK169 | B96: 4772 | C96: 11763 | D96: =+B96/C96*100 -> 40.567882
... A102: LLA869 | B102: 4721 | C102: 10931 | D102: =+B102/C102*100 -> 43.189095
A103: AB475SV
A104: FMO441 | B104: 0 | C104: 0
A105: Total | B105: =SUM(B6:B104) -> 589554 | C105: =SUM(C6:C104) -> 1601704 | D105: =+B105/C105*100 -> 36.807925

Sheet JULIO 2024
A1: Consumo Flota Campana JULIO 2024
A5: Unidad | B5: Lts | C5: Kms | D5: Promedio
A6: AF193HH | B6: 7718 | C6: 22790 | D6: =+B6/C6*100 -> 33.865731
A7: AG391AY | B7: 5864 | C7: 17223 | D7: =+B7/C7*100 -> 34.047495
A8: AF369FA | B8: 8577 | C8: 25146 | D8: =+B8/C8*100 -> 34.108805
A9: AG391AZ | B9: 6710 | C9: 19574 | D9: =+B9/C9*100 -> 34.280168
A10: AF140WW | B10: 6953 | C10: 20268 | D10: =+B10/C10*100 -> 34.305309
A11: AF839EW | B11: 5948 | C11: 17292 | D11: =+B11/C11*100 -> 34.397409
A12: AC488KH | B12: 4178 | C12: 12139 | D12: =+B12/C12*100 -> 34.417992
A13: AG006FV | B13: 7957 | C13: 23044 | D13: =+B13/C13*100 -> 34.529596
A14: AF193HQ | B14: 6100 | C14: 17636 | D14: =+B14/C14*100 -> 34.588342
A15: AF241FJ | B15: 5967 | C15: 17211 | D15: =+B15/C15*100 -> 34.669688
A16: AF086VB | B16: 7278 | C16: 20918 | D16: =+B16/C16*100 -> 34.793001
A17: AF553MI | B17: 3753 | C17: 10782 | D17: =+B17/C17*100 -> 34.808013
... A102: LLA869 | B102: 6405 | C102: 15129 | D102: =+B102/C102*100 -> 42.335911
A103: AB475SV
A104: NZB189
A105: Total | B105: =SUM(B6:B104) -> 611270 | C105: =SUM(C6:C104) -> 1633279 | D105: =+B105/C105*100 -> 37.425939

Sheet AGOSTO 2024
A1: Consumo Flota Campana AGOSTO 2024
A5: Unidad | B5: Lts | C5: Kms | D5: Promedio
A6: AA129CZ | B6: 5659.05 | C6: 14296 | D6: =+B6/C6*100 -> 39.584849
A7: AA850LE | B7: 3442 | C7: 8440 | D7: =+B7/C7*100 -> 40.781991
A8: AB398KI | B8: 5907.22 | C8: 14996 | D8: =+B8/C8*100 -> 39.391971
A9: AB398KK | B9: 8499.77 | C9: 22063 | D9: =+B9/C9*100 -> 38.524997
A10: AB398KL | B10: 5929 | C10: 14197 | D10: =+B10/C10*100 -> 41.762344
A11: AB475SV | B11: 2271 | C11: 5894 | D11: =+B11/C11*100 -> 38.530709
A12: AB475SX | B12: 8343.75 | C12: 22461 | D12: =+B12/C12*100 -> 37.147723
A13: AB475SZ | B13: 5785.05 | C13: 14709 | D13: =+B13/C13*100 -> 39.330002
A14: AB475TG | B14: 6284.76 | C14: 16846 | D14: =+B14/C14*100 -> 37.307135
A15: AB475TH | B15: 3407.54 | C15: 8931 | D15: =+B15/C15*100 -> 38.15407
A16: AB475TI | B16: 7142.35 | C16: 18111 | D16: =+B16/C16*100 -> 39.43653
A17: AB475TJ | B17: 7695.19 | C17: 18705 | D17: =+B17/C17*100 -> 41.139749
... A97: OYE456 | B97: 6105.46 | C97: 14332 | D97: =+B97/C97*100 -> 42.600195
A98: OYE471
A99: PCK145 | B99: 6788.83 | C99: 17210 | D99: =+B99/C99*100 -> 39.447008
A100: PCK155 | B100: 5798.35 | C100: 15239 | D100: =+B100/C100*100 -> 38.049413
A101: PCK169 | B101: 6613.55 | C101: 16983 | D101: =+B101/C101*100 -> 38.942177
A102: PNH467 | B102: 3302.01 | C102: 8018 | D102: =+B102/C102*100 -> 41.182464
A103: PNH470 | B103: 6489.9 | C103: 16661 | D103: =+B103/C103*100 -> 38.952644
A104: PNH473 | B104: 7194.99 | C104: 18939 | D104: =+B104/C104*100 -> 37.990337
A105: Total | B105: =SUM(B6:B104) -> 622985.6 | C105: =SUM(C6:C104) -> 1638909 | D105: =+B105/C105*100 -> 38.012214

Sheet SEPTIEMBRE 2024
A1: Consumo Flota Campana SEPTIEMBRE 2024
A5: Unidad | B5: Lts | C5: Kms | D5: Promedio
A6: AA129CZ | B6: 5352 | C6: 13601 | D6: =+B6/C6*100 -> 39.350048
A7: AA850LE | B7: 4604 | C7: 11277 | D7: =+B7/C7*100 -> 40.826461
A8: AB398KI | B8: 3443.11 | C8: 8497 | D8: =+B8/C8*100 -> 40.521478
A9: AB398KK | B9: 5806.99 | C9: 15099 | D9: =+B9/C9*100 -> 38.459434
A10: AB398KL | B10: 5523.87 | C10: 14061 | D10: =+B10/C10*100 -> 39.285044
A11: AB475SV | B11: 6443 | C11: 17112 | D11: =+B11/C11*100 -> 37.65194
A12: AB475SX | B12: 5193.43 | C12: 14106 | D12: =+B12/C12*100 -> 36.81717
A13: AB475SZ | B13: 1090 | C13: 3012 | D13: =+B13/C13*100 -> 36.188579
A14: AB475TG | B14: 4575 | C14: 11889 | D14: =+B14/C14*100 -> 38.480949
A15: AB475TH | B15: 4185.23 | C15: 11460 | D15: =+B15/C15*100 -> 36.520332
A16: AB475TI | B16: 4399 | C16: 11656 | D16: =+B16/C16*100 -> 37.74022
A17: AB475TJ | B17: 2962.87 | C17: 7409 | D17: =+B17/C17*100 -> 39.990147
... A92: OIA800 | B92: 5687.87 | C92: 14223 | D92: =+B92/C92*100 -> 39.990649
A93: OIX583
A94: OUS051 | B94: 6326.04 | C94: 16663 | D94: =+B94/C94*100 -> 37.964592
A95: OWG332 | B95: 5954.92 | C95: 15016 | D95: =+B95/C95*100 -> 39.657166
A96: OYD518 | B96: 6377.25 | C96: 16811 | D96: =+B96/C96*100 -> 37.934983
A97: OYD523 | B97: 8900.58 | C97: 22776 | D97: =+B97/C97*100 -> 39.078767
A98: OYE456 | B98: 5950 | C98: 13867 | D98: =+B98/C98*100 -> 42.907622
A99: PCK145 | B99: 6649.81 | C99: 16504 | D99: =+B99/C99*100 -> 40.292111
A100: PCK155 | B100: 4740 | C100: 12069 | D100: =+B100/C100*100 -> 39.274174
A101: PCK169 | B101: 6148.77 | C101: 16419 | D101: =+B101/C101*100 -> 37.449114
A102: PNH467 | B102: 3284.67 | C102: 8407 | D102: =+B102/C102*100 -> 39.070655
A103: PNH470 | B103: 5462.78 | C103: 14030 | D103: =+B103/C103*100 -> 38.936422
A104: PNH473 | B104: 5929.9 | C104: 16028 | D104: =+B104/C104*100 -> 36.99713
A108: Total | B108: =SUM(B6:B105) -> 562760.77 | C108: =SUM(C6:C105) -> 1504400.3 | D108: =+B108/C108*100 -> 37.407648

Sheet OCTUBRE 2024
A1: Consumo Flota Campana Octubre 2024
A5: Unidad | B5: Lts | C5: Kms | D5: Promedio
A6: AF193HQ | B6: 6095.41 | C6: 19148 | D6: =+B6/C6*100 -> 31.833142
A7: AF140WW | B7: 6180 | C7: 18864 | D7: =+B7/C7*100 -> 32.760814
A8: AG006FV | B8: 7455.94 | C8: 22634 | D8: =+B8/C8*100 -> 32.941327
A9: AF193HH | B9: 7428 | C9: 22225 | D9: =+B9/C9*100 -> 33.421822
A10: AG391AZ | B10: 5951.06 | C10: 17772 | D10: =+B10/C10*100 -> 33.485595
A11: AF639AI | B11: 7248.48 | C11: 21538 | D11: =+B11/C11*100 -> 33.654378
A12: AB475TJ | B12: 6000.28 | C12: 17801 | D12: =+B12/C12*100 -> 33.707545
A13: AG326PH | B13: 8004.81 | C13: 23705 | D13: =+B13/C13*100 -> 33.768445
A14: AF553MI | B14: 4899.93 | C14: 14456 | D14: =+B14/C14*100 -> 33.895476
A15: AF241FJ | B15: 4517.99 | C15: 13283 | D15: =+B15/C15*100 -> 34.013325
A16: AG391BA | B16: 5624 | C16: 16520 | D16: =+B16/C16*100 -> 34.043584
A17: AF369FA | B17: 5761 | C17: 16876 | D17: =+B17/C17*100 -> 34.137236
... A103: LLN460 | B103: 3885 | C103: 8522 | D103: =+B103/C103*100 -> 45.58789
A104: AB398KI
A108: Total | B108: =SUM(B6:B105) -> 557738.37 | C108: =SUM(C6:C107) -> 1511364 | D108: =+B108/C108*100 -> 36.902981

Sheet NOVIEMBRE 2024
A1: Promedio combustible mes Noviembre
A4: Unidad | B4: Litros | C4: Kms | D4: Promedio
A5: AA129CZ | B5: 6545 | C5: 16882 | D5: =B5/C5*100 -> 38.769103
A6: AA850LE | B6: 6623.04 | C6: 16373.06 | D6: =B6/C6*100 -> 40.450838
A7: AB398KK | B7: 3413.97 | C7: 8653.51 | D7: =B7/C7*100 -> 39.451852
A8: AB398KL | B8: 4104.25 | C8: 11046.49 | D8: =B8/C8*100 -> 37.154336
A9: AB475SV | B9: 5204.23 | C9: 14363 | D9: =B9/C9*100 -> 36.233586
A10: AB475SX | B10: 7625.63 | C10: 19637 | D10: =B10/C10*100 -> 38.832968
A11: AB475SZ | B11: 6762 | C11: 16362 | D11: =B11/C11*100 -> 41.327466
A12: AB475TG | B12: 6465 | C12: 17227 | D12: =B12/C12*100 -> 37.528299
A13: AB475TH | B13: 5812 | C13: 14400 | D13: =B13/C13*100 -> 40.361111
A14: AB475TI | B14: 5347 | C14: 13566 | D14: =B14/C14*100 -> 39.414713
A15: AB475TJ | B15: 1098 | C15: 2940 | D15: =B15/C15*100 -> 37.346939
A16: AC488KH | B16: 4118 | C16: 11398 | D16: =B16/C16*100 -> 36.129145
... A28: AE362RY | B28: 6645 | C28: 16883 | D28: =B28/C28*100 -> 39.359119
A29: AE379FQ | B29: 0 | C29: 0
A30: AE418OT | B30: 4054 | C30: 10978 | D30: =B30/C30*100 -> 36.928402
A31: AE418OU | B31: 4944 | C31: 14549 | D31: =B31/C31*100 -> 33.981717
A32: AE450BO | B32: 4559.99 | C32: 12876 | D32: =B32/C32*100 -> 35.414647
A33: AE629VP | B33: 8986.48 | C33: 24158 | D33: =B33/C33*100 -> 37.198775
A34: AE814AC | B34: 5097 | C34: 13807 | D34: =B34/C34*100 -> 36.916057
A35: AE887HJ | B35: 6074 | C35: 16389 | D35: =B35/C35*100 -> 37.061444
A36: AE887HK | B36: 6151 | C36: 16532 | D36: =B36/C36*100 -> 37.20663
A37: AF086VB | B37: 7082 | C37: 20005 | D37: =B37/C37*100 -> 35.40115
A38: AF140WW | B38: 6498 | C38: 18449 | D38: =B38/C38*100 -> 35.221421
A39: AF193HG | B39: 3732.21 | C39: 10427 | D39: =B39/C39*100 -> 35.793709
A40: AF193HH | B40: 4834 | C40: 14529 | D40: =B40/C40*100 -> 33.271388
A41: AF193HQ | B41: 6021 | C41: 18670 | D41: =B41/C41*100 -> 32.249598
... A102: PNH473 | B102: 8390 | C102: 22157 | D102: =B102/C102*100 -> 37.866137
A103: Total general | B103: =SUM(B5:B102) -> 533192.34 | C103: =SUM(C5:C102) -> 1429999.3 | D103: =B103/C103*100 -> 37.286195

Sheet DICIEMBRE 2024
A1: Promedio combustible mes Noviembre
A4: Unidad | B4: Litros | C4: Kms | D4: Promedio
A5: AA129CZ | B5: 4501.14 | C5: 11421 | D5: =B5/C5*100 -> 39.411085
A6: AA850LE | B6: 5961.98 | C6: 13988 | D6: =B6/C6*100 -> 42.622105
A7: AB398KK | B7: 4776.14 | C7: 12384 | D7: =B7/C7*100 -> 38.567022
A8: AB398KL | B8: 5653.48 | C8: 13383 | D8: =B8/C8*100 -> 42.243742
A9: AB475SV | B9: 4040.53 | C9: 11229 | D9: =B9/C9*100 -> 35.98299
A10: AB475SX | B10: 5109.92 | C10: 14028 | D10: =B10/C10*100 -> 36.426575
A11: AB475SZ | B11: 5454.3 | C11: 13673 | D11: =B11/C11*100 -> 39.891026
A12: AB475TG | B12: 3070.12 | C12: 8510 | D12: =B12/C12*100 -> 36.076616
A13: AB475TH | B13: 3943 | C13: 10715 | D13: =B13/C13*100 -> 36.79888
A14: AB475TI | B14: 5761.23 | C14: 15173 | D14: =B14/C14*100 -> 37.970276
A15: AB475TJ | B15: 2800 | C15: 7833 | D15: =B15/C15*100 -> 35.746202
A16: AC488KH | B16: 4034.75 | C16: 11386 | D16: =B16/C16*100 -> 35.436062
... A35: AE887HJ | B35: 5383.54 | C35: 14931 | D35: =B35/C35*100 -> 36.056125
A36: AE887HK | B36: 0 | C36: 0
A37: AF086VB | B37: 5194.3 | C37: 15734 | D37: =B37/C37*100 -> 33.01322
A38: AF140WW | B38: 4971.26 | C38: 15106 | D38: =B38/C38*100 -> 32.909175
A39: AF193HG | B39: 5329.71 | C39: 15121 | D39: =B39/C39*100 -> 35.247074
A40: AF193HH | B40: 6661.64 | C40: 20278 | D40: =B40/C40*100 -> 32.851563
A41: AF193HQ | B41: 4886.36 | C41: 14793 | D41: =B41/C41*100 -> 33.031569
A42: AF241FJ | B42: 5321.09 | C42: 15622 | D42: =B42/C42*100 -> 34.061516
A43: AF304WT | B43: 6873 | C43: 19332 | D43: =B43/C43*100 -> 35.552452
A44: AF369FA | B44: 6038.67 | C44: 17861 | D44: =B44/C44*100 -> 33.809249
A45: AF371QB | B45: 5526.84 | C45: 15572 | D45: =B45/C45*100 -> 35.492165
A46: AF420MJ | B46: 4612.51 | C46: 13537 | D46: =B46/C46*100 -> 34.073355
A47: AF427QV | B47: 4125.38 | C47: 12267 | D47: =B47/C47*100 -> 33.629901
A48: AF553MI | B48: 5375.01 | C48: 16014 | D48: =B48/C48*100 -> 33.564444
... A61: AG391BA | B61: 4758.42 | C61: 13638 | D61: =B61/C61*100 -> 34.890893
A62: AG391BB | B62: 0 | C62: 0
A63: AG391BC | B63: 6539.27 | C63: 17374 | D63: =B63/C63*100 -> 37.638253
A64: AG478GO | B64: 5382.4 | C64: 15586 | D64: =B64/C64*100 -> 34.533556
A65: AG735JK | B65: 5500.02 | C65: 15735 | D65: =B65/C65*100 -> 34.954051
A66: AG735JL | B66: 7167.4 | C66: 20793 | D66: =B66/C66*100 -> 34.470254
A67: AG812AM | B67: 5115.45 | C67: 14059 | D67: =B67/C67*100 -> 36.385589
A68: AG767YX | B68: 5342.25 | C68: 14332 | D68: =B68/C68*100 -> 37.274979
A69: AG920EX | B69: 1302.09 | C69: 3509 | D69: =B69/C69*100 -> 37.107153
A70: AG942BJ | B70: 0 | C70: 0
A71: FMO441 | B71: 3918.9 | C71: 10472 | D71: =B71/C71*100 -> 37.422651
A72: KHY272 | B72: 6283.53 | C72: 16814 | D72: =B72/C72*100 -> 37.370822
A73: LDJ115 | B73: 4920.025 | C73: 12063 | D73: =B73/C73*100 -> 40.786081
A74: LIQ701 | B74: 5360.44 | C74: 14047 | D74: =B74/C74*100 -> 38.160746
A75: LIQ702 | B75: 3743.86 | C75: 9102 | D75: =B75/C75*100 -> 41.132279
A76: LLA868 | B76: 4653.98 | C76: 10925 | D76: =B76/C76*100 -> 42.599359
A77: LLA869 | B77: 4351 | C77: 10935 | D77: =B77/C77*100 -> 39.789666
A78: LLN460 | B78: 5585.15 | C78: 13715 | D78: =B78/C78*100 -> 40.722931
A79: LLN461 | B79: 4465.1 | C79: 10980 | D79: =B79/C79*100 -> 40.665756
A80: LLN462 | B80: 6476.8 | C80: 16231 | D80: =B80/C80*100 -> 39.903888
A81: LLN463 | B81: 4560.88 | C81: 11120 | D81: =B81/C81*100 -> 41.015108
A82: LTL641 | B82: 4032.68 | C82: 9949 | D82: =B82/C82*100 -> 40.533521
... A106: PNH473 | B106: 8088.84 | C106: 22307 | D106: =B106/C106*100 -> 36.261443
A107: Total general | B107: =SUM(B5:B106) -> 501131.7 | C107: =SUM(C5:C106) -> 1349480 | D107: =B107/C107*100 -> 37.13517

Sheet ENERO 2025
A1: Promedio combustible mes Enero 2025
A4: Unidad | B4: Litros | C4: Kms | D4: Promedio
A5: AA129CZ | B5: 2295 | C5: 5318 | D5: =B5/C5*100 -> 43.155322
A6: AA850LE | B6: 5853.8 | C6: 14585 | D6: =B6/C6*100 -> 40.135756
A7: AB398KK
A8: AB398KL
A9: AB475SV | B9: 3830 | C9: 10169 | D9: =B9/C9*100 -> 37.663487
A10: AB475SX | B10: 5559.2 | C10: 14796 | D10: =B10/C10*100 -> 37.572317
A11: AB475SZ | B11: 5098 | C11: 12680 | D11: =B11/C11*100 -> 40.205047
A12: AB475TG | B12: 5284.8 | C12: 14437 | D12: =B12/C12*100 -> 36.605943
A13: AB475TH | B13: 2491 | C13: 6842 | D13: =B13/C13*100 -> 36.407483
A14: AB475TI | B14: 6408 | C14: 17511 | D14: =B14/C14*100 -> 36.594141
A15: AB475TJ | B15: 6548 | C15: 18254 | D15: =B15/C15*100 -> 35.87159
A16: AC488KH | B16: 3922 | C16: 11804 | D16: =B16/C16*100 -> 33.226025
A17: AC576YK | B17: 6440 | C17: 17388 | D17: =B17/C17*100 -> 37.037037
A18: AC576YL | B18: 4432 | C18: 11987 | D18: =B18/C18*100 -> 36.973388
A19: AC576YM | B19: 5816 | C19: 16273 | D19: =B19/C19*100 -> 35.740183
A20: AC576YN | B20: 5723 | C20: 14943 | D20: =B20/C20*100 -> 38.298869
... A69: AG920EX | B69: 7119 | C69: 19969 | D69: =B69/C69*100 -> 35.650258
A70: AG960XE
A71: AG960XF
A72: AG942BJ | B72: 5424 | C72: 14533 | D72: =B72/C72*100 -> 37.321957
A73: FMO441
A74: KHY272 | B74: 6081.17 | C74: 16869 | D74: =B74/C74*100 -> 36.049381
A75: LDJ115 | B75: 4330.41 | C75: 11264 | D75: =B75/C75*100 -> 38.444691
A76: LIQ701 | B76: 7007 | C76: 19615 | D76: =B76/C76*100 -> 35.722661
A77: LIQ702 | B77: 5867.97 | C77: 14317 | D77: =B77/C77*100 -> 40.986031
A78: LLA868 | B78: 5096 | C78: 12461 | D78: =B78/C78*100 -> 40.895594
A79: LLA869 | B79: 4869 | C79: 11558 | D79: =B79/C79*100 -> 42.126666
A80: LLN460 | B80: 5686 | C80: 14393 | D80: =B80/C80*100 -> 39.505315
A81: LLN461 | B81: 4660 | C81: 11600 | D81: =B81/C81*100 -> 40.172414
A82: LLN462 | B82: 8686 | C82: 21748 | D82: =B82/C82*100 -> 39.939305
A83: LLN463 | B83: 3284 | C83: 8505 | D83: =B83/C83*100 -> 38.612581
A84: LTL641 | B84: 5356 | C84: 14340 | D84: =B84/C84*100 -> 37.35007
A85: MIA865 | B85: 6359.63 | C85: 18340 | D85: =B85/C85*100 -> 34.676281
A86: MKQ926 | B86: 5717.9 | C86: 16051 | D86: =B86/C86*100 -> 35.623326
A87: MRI892
A88: NNF283 | B88: 4600 | C88: 12713 | D88: =B88/C88*100 -> 36.183434
A89: NNF469 | B89: 6103 | C89: 16604 | D89: =B89/C89*100 -> 36.756203
A90: NVX521 | B90: 4358 | C90: 11452 | D90: =B90/C90*100 -> 38.054488
A91: NZB189 | B91: 5607 | C91: 13871 | D91: =B91/C91*100 -> 40.422464
A92: NZB192 | B92: 6461.17 | C92: 17196 | D92: =B92/C92*100 -> 37.57368
A93: NZB193 | B93: 6166.39 | C93: 15173 | D93: =B93/C93*100 -> 40.640546
A94: OCR981 | B94: 7588.25 | C94: 19434 | D94: =B94/C94*100 -> 39.046259
A95: OFU770 | B95: 6463.81 | C95: 16835 | D95: =B95/C95*100 -> 38.39507
A96: OIA800 | B96: 5616 | C96: 14429 | D96: =B96/C96*100 -> 38.921616
A97: OIX583 | B97: 5720.19 | C97: 14868 | D97: =B97/C97*100 -> 38.473164
A98: OUS051 | B98: 4107 | C98: 11494 | D98: =B98/C98*100 -> 35.731686
A99: OWG332 | B99: 5673 | C99: 14315 | D99: =B99/C99*100 -> 39.629759
... A108: PNH473 | B108: 6459 | C108: 17139 | D108: =B108/C108*100 -> 37.685979
A109: Total general | B109: =SUM(B5:B108) -> 576414.44 | C109: =SUM(C5:C108) -> 1566906 | D109: =B109/C109*100 -> 36.786791

Sheet FEBRERO 2025
A1: Promedio combustible mes FEBRERO 2025
A4: Unidad | B4: Litros | C4: Kms | D4: Promedio
A5: AA129CZ | B5: 7038.59 | C5: 17623 | D5: =B5/C5*100 -> 39.939795
A6: AA850LE | B6: 5861.2 | C6: 14218 | D6: =B6/C6*100 -> 41.223801
A7: AB398KK
A8: AB398KL
A9: AB475SV | B9: 7489 | C9: 19697 | D9: =B9/C9*100 -> 38.021018
A10: AB475SX | B10: 5468.88 | C10: 14600 | D10: =B10/C10*100 -> 37.458082
A11: AB475SZ | B11: 7566.97 | C11: 20159 | D11: =B11/C11*100 -> 37.536435
A12: AB475TG | B12: 6488.62 | C12: 17426 | D12: =B12/C12*100 -> 37.235281
A13: AB475TH | B13: 5220.77 | C13: 14568 | D13: =B13/C13*100 -> 35.837246
A14: AB475TI | B14: 3927 | C14: 10992 | D14: =B14/C14*100 -> 35.725983
A15: AB475TJ | B15: 4821 | C15: 13317 | D15: =B15/C15*100 -> 36.201847
A16: AC488KH | B16: 5116.73 | C16: 15397 | D16: =B16/C16*100 -> 33.231993
A17: AC576YK | B17: 6271.41 | C17: 17262 | D17: =B17/C17*100 -> 36.330726
A18: AC576YL | B18: 6544.96 | C18: 17433 | D18: =B18/C18*100 -> 37.543509
A19: AC576YM | B19: 2146.06 | C19: 5916 | D19: =B19/C19*100 -> 36.275524
A20: AC576YN | B20: 6560 | C20: 16966 | D20: =B20/C20*100 -> 38.665566
... A43: AF304WT | B43: 4054.6 | C43: 10658 | D43: =B43/C43*100 -> 38.042785
A44: AF369FA
A45: AF371QB | B45: 5375.97 | C45: 15091 | D45: =B45/C45*100 -> 35.623683
A46: AF420MJ
A47: AF427QV | B47: 7269.29 | C47: 20863 | D47: =B47/C47*100 -> 34.842976
A48: AF553MI | B48: 7092.93 | C48: 19745 | D48: =B48/C48*100 -> 35.922664
A49: AF639AH | B49: 8283.91 | C49: 21935 | D49: =B49/C49*100 -> 37.765717
A50: AF639AI | B50: 7917.13 | C50: 21682 | D50: =B50/C50*100 -> 36.514759
A51: AF639AJ | B51: 7090.91 | C51: 19348 | D51: =B51/C51*100 -> 36.649318
A52: AF839EW | B52: 5810.97 | C52: 16813 | D52: =B52/C52*100 -> 34.562362
A53: AG006FU | B53: 4378.76 | C53: 12340 | D53: =B53/C53*100 -> 35.484279
A54: AG006FV | B54: 5969.95 | C54: 16843 | D54: =B54/C54*100 -> 35.444695
A55: AG006FY | B55: 6381.74 | C55: 17826 | D55: =B55/C55*100 -> 35.80018
A56: AG235ER | B56: 4771.78 | C56: 12843 | D56: =B56/C56*100 -> 37.154715
A57: AG326PH | B57: 3980 | C57: 11837 | D57: =B57/C57*100 -> 33.623384
A58: AG326PT | B58: 4104.087 | C58: 11313 | D58: =B58/C58*100 -> 36.277619
... A71: AG960XF | B71: 4614.21 | C71: 13189 | D71: =B71/C71*100 -> 34.985291
A72: AG942BJ
A73: KHY272 | B73: 4967.88 | C73: 13020 | D73: =B73/C73*100 -> 38.15576
A74: LDJ115 | B74: 4571.21 | C74: 11668 | D74: =B74/C74*100 -> 39.177323
A75: LIQ701 | B75: 4740.34 | C75: 12760 | D75: =B75/C75*100 -> 37.15
A76: LIQ702 | B76: 7280.59 | C76: 18740 | D76: =B76/C76*100 -> 38.850534
A77: LLA868 | B77: 6302.21 | C77: 15402 | D77: =B77/C77*100 -> 40.918128
A78: LLA869 | B78: 2172.68 | C78: 5192 | D78: =B78/C78*100 -> 41.846687
A79: LLN460 | B79: 4370.81 | C79: 10865 | D79: =B79/C79*100 -> 40.228348
A80: LLN461 | B80: 5752.61 | C80: 14647 | D80: =B80/C80*100 -> 39.275005
A81: LLN462 | B81: 6061.71 | C81: 15335 | D81: =B81/C81*100 -> 39.528595
A82: LLN463 | B82: 3517.68 | C82: 8495 | D82: =B82/C82*100 -> 41.408829
A83: LTL641 | B83: 4758.51 | C83: 13154 | D83: =B83/C83*100 -> 36.175384
A84: MIA865 | B84: 5033.1 | C84: 14386 | D84: =B84/C84*100 -> 34.986098
... A89: NVX521 | B89: 5038.86 | C89: 13510 | D89: =B89/C89*100 -> 37.297261
A90: NZB189
A91: NZB192 | B91: 5453.61 | C91: 14082 | D91: =B91/C91*100 -> 38.727524
A92: NZB193 | B92: 4436.15 | C92: 11107 | D92: =B92/C92*100 -> 39.940128
A93: OCR981 | B93: 3893.72 | C93: 10356 | D93: =B93/C93*100 -> 37.598687
A94: OFU770 | B94: 4528.45 | C94: 12123 | D94: =B94/C94*100 -> 37.354203
A95: OIA800 | B95: 6630.61 | C95: 16967 | D95: =B95/C95*100 -> 39.079448
A96: OIX583 | B96: 4676.63 | C96: 11486 | D96: =B96/C96*100 -> 40.715915
A97: OUS051 | B97: 4999.07 | C97: 13234 | D97: =B97/C97*100 -> 37.774445
A98: OWG332 | B98: 4589.78 | C98: 11351 | D98: =B98/C98*100 -> 40.435028
A99: OYD518 | B99: 6306.49 | C99: 17143 | D99: =B99/C99*100 -> 36.787552
A100: OYD523 | B100: 4026.79 | C100: 9904 | D100: =B100/C100*100 -> 40.658219
A101: OYE456 | B101: 3920.05 | C101: 10521 | D101: =B101/C101*100 -> 37.259291
A102: PCK145 | B102: 5791.73 | C102: 15487 | D102: =B102/C102*100 -> 37.397366
... A107: PNH473 | B107: 6679.56 | C107: 17876 | D107: =B107/C107*100 -> 37.366077
A108: Total general | B108: =SUM(B5:B107) -> 515175.63 | C108: =SUM(C5:C107) -> 1392611 | D108: =B108/C108*100 -> 36.993506

Sheet MARZO 2025
A1: Promedio combustible mes MARZO 2025
A4: Unidad | B4: Litros | C4: Kms | D4: Promedio
A5: AA129CZ | B5: 4852.81 | C5: 12211 | D5: =B5/C5*100 -> 39.741299
A6: AA850LE | B6: 6548.7 | C6: 16053 | D6: =B6/C6*100 -> 40.794244
A7: AB398KK
A8: AB398KL
A9: AB475SV | B9: 5182.07 | C9: 14674 | D9: =B9/C9*100 -> 35.314638
A10: AB475SX | B10: 6453.25 | C10: 18164 | D10: =B10/C10*100 -> 35.527692
A11: AB475SZ | B11: 4331.06 | C11: 11646 | D11: =B11/C11*100 -> 37.18925
A12: AB475TG | B12: 4783.86 | C12: 12334 | D12: =B12/C12*100 -> 38.785958
A13: AB475TH | B13: 5296.83 | C13: 14226 | D13: =B13/C13*100 -> 37.233446
A14: AB475TI | B14: 6150.6 | C14: 17560 | D14: =B14/C14*100 -> 35.026196
A15: AB475TJ | B15: 4321.8 | C15: 12653 | D15: =B15/C15*100 -> 34.156327
A16: AC488KH | B16: 4470.09 | C16: 12391 | D16: =B16/C16*100 -> 36.075297
A17: AC576YK | B17: 6397.12 | C17: 17041 | D17: =B17/C17*100 -> 37.539581
A18: AC576YL | B18: 4329.44 | C18: 11037 | D18: =B18/C18*100 -> 39.226601
A19: AC576YM | B19: 2246.1 | C19: 6036 | D19: =B19/C19*100 -> 37.21173
A20: AC576YN | B20: 4953.48 | C20: 13122 | D20: =B20/C20*100 -> 37.749428
... A23: AC576ZN | B23: 4501.06 | C23: 12545 | D23: =B23/C23*100 -> 35.879314
A24: AE304JJ
A25: AE305CV | B25: 4894.58 | C25: 13874 | D25: =B25/C25*100 -> 35.278795
A26: AE361CW | B26: 4725.02 | C26: 12634 | D26: =B26/C26*100 -> 37.39924
A27: AE362RX | B27: 6496.35 | C27: 17397 | D27: =B27/C27*100 -> 37.341783
A28: AE362RY | B28: 5672.84 | C28: 14308 | D28: =B28/C28*100 -> 39.648029
A29: AE379FQ | B29: 4908.23 | C29: 13531 | D29: =B29/C29*100 -> 36.273963
A30: AE418OT | B30: 6397.88 | C30: 17724 | D30: =B30/C30*100 -> 36.097269
A31: AE418OU | B31: 5137.96 | C31: 14539 | D31: =B31/C31*100 -> 35.339157
A32: AE450BO | B32: 7548.15 | C32: 22272 | D32: =B32/C32*100 -> 33.89076
A33: AE629VP | B33: 6436.67 | C33: 17114 | D33: =B33/C33*100 -> 37.610553
A34: AE814AC | B34: 5618.63 | C34: 15601 | D34: =B34/C34*100 -> 36.01455
A35: AE887HJ | B35: 2696.41 | C35: 8186 | D35: =B35/C35*100 -> 32.939287
A36: AE887HK | B36: 6965.76 | C36: 19078 | D36: =B36/C36*100 -> 36.512003
... A45: AF371QB | B45: 5303.25 | C45: 15938 | D45: =B45/C45*100 -> 33.27425
A46: AF420MJ
A47: AF427QV | B47: 7133.4 | C47: 20657 | D47: =B47/C47*100 -> 34.532604
A48: AF553MI | B48: 3692.56 | C48: 10910 | D48: =B48/C48*100 -> 33.845646
A49: AF639AH | B49: 4806.18 | C49: 12553 | D49: =B49/C49*100 -> 38.287103
A50: AF639AI | B50: 7467.09 | C50: 21858 | D50: =B50/C50*100 -> 34.161817
A51: AF639AJ | B51: 7262.45 | C51: 21158 | D51: =B51/C51*100 -> 34.324842
A52: AF839EW | B52: 6030.56 | C52: 17996 | D52: =B52/C52*100 -> 33.510558
A53: AG006FU | B53: 4903.37 | C53: 13192 | D53: =B53/C53*100 -> 37.169269
A54: AG006FV | B54: 6402.03 | C54: 18252 | D54: =B54/C54*100 -> 35.075773
A55: AG006FY | B55: 7167.76 | C55: 19800 | D55: =B55/C55*100 -> 36.200808
A56: AG235ER | B56: 6812.13 | C56: 18397 | D56: =B56/C56*100 -> 37.028483
A57: AG326PH | B57: 7015.02 | C57: 19947 | D57: =B57/C57*100 -> 35.168296
A58: AG326PT | B58: 5497.06 | C58: 16097 | D58: =B58/C58*100 -> 34.149593
... A107: PNH473 | B107: 5330.38 | C107: 14089 | D107: =B107/C107*100 -> 37.833629
A108: Total general | B108: =SUM(B5:B107) -> 563034.89 | C108: =SUM(C5:C107) -> 1553311 | D108: =B108/C108*100 -> 36.247402

Sheet ABRIL 2025
A1: Promedio combustible mes ABRIL 2025
A4: Unidad | B4: Litros | C4: Kms | D4: Promedio
A5: AA129CZ | B5: 4487.34 | C5: 10711 | D5: =B5/C5*100 -> 41.894688
A6: AA850LE | B6: 5573.15 | C6: 14805 | D6: =B6/C6*100 -> 37.643701
A7: AB475SX | B7: 6180.58 | C7: 17549 | D7: =B7/C7*100 -> 35.218987
A8: AB475SZ | B8: 6675.84 | C8: 18285 | D8: =B8/C8*100 -> 36.509926
A9: AB475TG | B9: 5071.89 | C9: 13249 | D9: =B9/C9*100 -> 38.281304
A10: AB475TH | B10: 3064.91 | C10: 8318 | D10: =B10/C10*100 -> 36.846718
A11: AB475TI | B11: 3286.95 | C11: 8800 | D11: =B11/C11*100 -> 37.351705
A12: AB475TJ | B12: 4471.73 | C12: 12163 | D12: =B12/C12*100 -> 36.765025
A13: AB475SV | B13: 3079.44 | C13: 7739 | D13: =B13/C13*100 -> 39.791187
A14: AC576YN | B14: 5577.34 | C14: 15629 | D14: =B14/C14*100 -> 35.68584
A15: AC488KH | B15: 2711.89 | C15: 7890 | D15: =B15/C15*100 -> 34.371229
A16: AC576YK | B16: 6645.85 | C16: 18194 | D16: =B16/C16*100 -> 36.527701
... A105: PNH473 | B105: 6611.95 | C105: 16533 | D105: =B105/C105*100 -> 39.992439
A106: Total general | B106: =SUM(B5:B105) -> 528719.04 | C106: =SUM(C5:C105) -> 1472914 | D106: =B106/C106*100 -> 35.896124

Sheet MAYO 2025
A1: Promedio combustible mes MAYO 2025
A4: Unidad | B4: Litros | C4: Kms | D4: Promedio
A5: AA129CZ | B5: 6175.61 | C5: 15203 | D5: =B5/C5*100 -> 40.620996
A6: AA850LE | B6: 4721.95 | C6: 12935 | D6: =B6/C6*100 -> 36.505218
A7: AB475SX | B7: 6589.17 | C7: 18886 | D7: =B7/C7*100 -> 34.889177
A8: AB475SZ | B8: 3167 | C8: 8869 | D8: =B8/C8*100 -> 35.708648
A9: AB475TG | B9: 7660.09 | C9: 21776 | D9: =B9/C9*100 -> 35.176754
A10: AB475TH | B10: 1339.37 | C10: 3169 | D10: =B10/C10*100 -> 42.264752
A11: AB475TI | B11: 7962.88 | C11: 22312 | D11: =B11/C11*100 -> 35.688777
A12: AB475TJ | B12: 2975.34 | C12: 8519 | D12: =B12/C12*100 -> 34.92593
A13: AB475SV | B13: 1351.53 | C13: 3476 | D13: =B13/C13*100 -> 38.881761
A14: AC576YN | B14: 4526.7 | C14: 11291 | D14: =B14/C14*100 -> 40.091223
A15: AC488KH | B15: 5685.37 | C15: 16269 | D15: =B15/C15*100 -> 34.946032
A16: AC576YK | B16: 8225.14 | C16: 22220 | D16: =B16/C16*100 -> 37.016832
... A106: PNH473 | B106: 9698.67 | C106: 26802 | D106: =B106/C106*100 -> 36.186367
A107: Total general | B107: =SUM(B5:B106) -> 576189.17 | C107: =SUM(C5:C106) -> 1604566.6 | D107: =B107/C107*100 -> 35.909334

Sheet JUNIO 2025
A1: Promedio combustible mes JUNIO 2025
A4: Unidad | B4: Litros | C4: Kms | D4: Promedio
A5: AA129CZ | B5: 5317.85 | C5: 13971 | D5: =B5/C5*100 -> 38.063489
A6: AA850LE | B6: 5352.96 | C6: 14428 | D6: =B6/C6*100 -> 37.101192
A7: AB475SX | B7: 5119.32 | C7: 13348 | D7: =B7/C7*100 -> 38.352712
A8: AB475SZ | B8: 4284.31 | C8: 11781 | D8: =B8/C8*100 -> 36.366268
A9: AB475TG | B9: 6355.59 | C9: 17700 | D9: =B9/C9*100 -> 35.907288
A10: AB475TH | B10: 2502.45 | C10: 7022 | D10: =B10/C10*100 -> 35.637283
A11: AB475TI | B11: 5975.74 | C11: 16423 | D11: =B11/C11*100 -> 36.386409
A12: AB475TJ | B12: 5752.53 | C12: 16563 | D12: =B12/C12*100 -> 34.731208
A13: AB475SV | B13: 7208.66 | C13: 19833 | D13: =B13/C13*100 -> 36.346796
A14: AC576YN | B14: 4910.35 | C14: 13317 | D14: =B14/C14*100 -> 36.872794
A15: AC488KH | B15: 5488.34 | C15: 15531 | D15: =B15/C15*100 -> 35.337969
A16: AC576YK | B16: 8259.24 | C16: 21950 | D16: =B16/C16*100 -> 37.627517
... A107: PNH473 | B107: 6497.44 | C107: 17810 | D107: =B107/C107*100 -> 36.481976
A108: Total general | B108: =SUM(B5:B107) -> 593252.44 | C108: =SUM(C5:C107) -> 1649140 | D108: =B108/C108*100 -> 35.973443

Sheet JULIO 2025
A1: Promedio combustible mes JULIO 2025
A4: Unidad | B4: Litros | C4: Kms | D4: Promedio
A5: AA129CZ | B5: 8185.23 | C5: 20975 | D5: =B5/C5*100 -> 39.023743
A6: AA850LE | B6: 6100.07 | C6: 15917 | D6: =B6/C6*100 -> 38.324245
A7: AB475SX | B7: 5707.72 | C7: 16108 | D7: =B7/C7*100 -> 35.43407
A8: AB475SZ | B8: 7175.34 | C8: 19123 | D8: =B8/C8*100 -> 37.522042
A9: AB475TG | B9: 3269.7 | C9: 8941 | D9: =B9/C9*100 -> 36.569735
A10: AB475TH | B10: 6212.15 | C10: 16177 | D10: =B10/C10*100 -> 38.401125
A11: AB475TI | B11: 6849.65 | C11: 18551 | D11: =B11/C11*100 -> 36.923346
A12: AB475TJ | B12: 6721.89 | C12: 19817 | D12: =B12/C12*100 -> 33.919816
A13: AB475SV | B13: 6970.08 | C13: 19164 | D13: =B13/C13*100 -> 36.370695
A14: AC576YN | B14: 7413.37 | C14: 19729 | D14: =B14/C14*100 -> 37.576005
A15: AC488KH | B15: 5885.71 | C15: 17367 | D15: =B15/C15*100 -> 33.890194
A16: AC576YK | B16: 8779.87 | C16: 24276 | D16: =B16/C16*100 -> 36.166873
... A76: LIQ701 | B76: 4923.25 | C76: 13173 | D76: =B76/C76*100 -> 37.373795
A77: LIQ702 | B77: 5183.72 | C77: 9542 | D77: 34.33
A78: LLA868 | B78: 5085.25 | C78: 13072 | D78: =B78/C78*100 -> 38.901851
A79: LLA869 | B79: 7366.43 | C79: 18810 | D79: =B79/C79*100 -> 39.162307
A80: LLN460 | B80: 7449.51 | C80: 17948 | D80: =B80/C80*100 -> 41.506073
A81: LLN461 | B81: 7395.12 | C81: 20008 | D81: =B81/C81*100 -> 36.960816
A82: LLN462 | B82: 6994.39 | C82: 19918 | D82: =B82/C82*100 -> 35.115925
A83: LLN463 | B83: 3074.78 | C83: 8160 | D83: =B83/C83*100 -> 37.681127
A84: LTL641 | B84: 6452.12 | C84: 18733 | D84: =B84/C84*100 -> 34.442535
A85: MIA865 | B85: 7266.46 | C85: 21088 | D85: =B85/C85*100 -> 34.457796
A86: MKQ926 | B86: 5557.82 | C86: 15769 | D86: =B86/C86*100 -> 35.245228
A87: MRI892 | B87: 4628.49 | C87: 11619 | D87: =B87/C87*100 -> 39.835528
A88: NNF283 | B88: 7669.87 | C88: 20743 | D88: =B88/C88*100 -> 36.975703
A89: NNF469 | B89: 6435.86 | C89: 18293 | D89: =B89/C89*100 -> 35.182092
... A108: PNH473 | B108: 6050.88 | C108: 16542 | D108: =B108/C108*100 -> 36.57889
A109: Total general | B109: =SUM(B8:B108) -> 668268.35 | C109: =SUM(C8:C108) -> 1841948 | D109: =B109/C109*100 -> 36.280522

Sheet AGOSTO 2025
A1: PromediocombustiblemesAGOSTO2025
A4: Unidad | B4: Litros | C4: Kms | D4: Promedio
A5: AA129CZ | B5: 7036.59 | C5: 18628 | D5: =B5/C5*100 -> 37.774265
A6: AA850LE | B6: 5873.76 | C6: 16017 | D6: =B6/C6*100 -> 36.672036
A7: AB475SZ | B7: 6566.15 | C7: 18396 | D7: =B7/C7*100 -> 35.693357
A8: AB475TG | B8: 7044.64 | C8: 20259 | D8: =B8/C8*100 -> 34.772891
A9: AB475TH | B9: 6377.52 | C9: 16733 | D9: =B9/C9*100 -> 38.113429
A10: AB475TI | B10: 6897.43 | C10: 19752 | D10: =B10/C10*100 -> 34.92016
A11: AB475TJ | B11: 6257.06 | C11: 18714 | D11: =B11/C11*100 -> 33.435182
A12: AB475SV | B12: 6509.46 | C12: 16356 | D12: =B12/C12*100 -> 39.798606
A13: AC576YN | B13: 5839.74 | C13: 15457 | D13: =B13/C13*100 -> 37.780553
A14: AC488KH | B14: 7102.12 | C14: 21204.63 | D14: =B14/C14*100 -> 33.493251
A15: AC576YK | B15: 5751.91 | C15: 15975 | D15: =B15/C15*100 -> 36.005696
A16: AC576YL | B16: 5399.22 | C16: 14292 | D16: =B16/C16*100 -> 37.777918
... A108: Totalgeneral | B108: 600690.87 | C108: 1660216.3 | D108: =B108/C108*100 -> 36.181483

Sheet SEPTIEMBRE 2025
A1: Promediocombustiblemes Septiembre2025
A4: Unidad | B4: Litros | C4: Kms | D4: Promedio
A5: AA129CZ | B5: 5643.94 | C5: 14206 | D5: =B5/C5*100 -> 39.729269
A6: AA850LE | B6: 6158.58 | C6: 16025 | D6: =B6/C6*100 -> 38.431076
A7: AB475SX | B7: 8488.18 | C7: 23471 | D7: =B7/C7*100 -> 36.164543
A8: AB475SZ | B8: 6373.2 | C8: 17768 | D8: =B8/C8*100 -> 35.868978
A9: AB475TG | B9: 4106.38 | C9: 11619 | D9: =B9/C9*100 -> 35.34194
A10: AB475TH | B10: 4431.09 | C10: 12094 | D10: =B10/C10*100 -> 36.638746
A11: AB475TI | B11: 3884.29 | C11: 10636 | D11: =B11/C11*100 -> 36.520214
A12: AB475TJ | B12: 5368.95 | C12: 16070 | D12: =B12/C12*100 -> 33.40977
A13: AB475SV | B13: 4509.19 | C13: 11197 | D13: =B13/C13*100 -> 40.271412
A14: AC576YN | B14: 2588.87 | C14: 7513 | D14: =B14/C14*100 -> 34.458539
A15: AC488KH | B15: 7695.81 | C15: 21814 | D15: =B15/C15*100 -> 35.279224
A16: AC576YK | B16: 5381.05 | C16: 14801 | D16: =B16/C16*100 -> 36.355989
... A113: Total general | B113: 559443.71 | C113: 1551730 | D113: =B113/C113*100 -> 36.052903

Sheet OCTUBRE 2025
A1: Promediocombustiblemes Octubre 2025
A4: Unidad | B4: Litros | C4: Kms | D4: Promedio
A5: AA129CZ | B5: 6458.54 | C5: 16401.81 | D5: =B5/C5*100 -> 39.376996
A6: AA850LE | B6: 3964.66 | C6: 11137 | D6: =B6/C6*100 -> 35.598994
A7: AB475SX | B7: 5749.87 | C7: 16057 | D7: =B7/C7*100 -> 35.809118
A8: AB475SZ | B8: 4460.13 | C8: 12287 | D8: =B8/C8*100 -> 36.299585
A9: AB475TG | B9: 6263.17 | C9: 17700 | D9: =B9/C9*100 -> 35.385141
A10: AB475TH | B10: 5914.27 | C10: 15827 | D10: =B10/C10*100 -> 37.368232
A11: AB475TI | B11: 6770.56 | C11: 19099 | D11: =B11/C11*100 -> 35.449814
A12: AB475TJ | B12: 6205.43 | C12: 17490 | D12: =B12/C12*100 -> 35.479874
A13: AB475SV | B13: 5259.7 | C13: 13205 | D13: =B13/C13*100 -> 39.831125
A14: AC576YN | B14: 6636.24 | C14: 17413 | D14: =B14/C14*100 -> 38.110837
A15: AC488KH | B15: 5550.77 | C15: 16831 | D15: =B15/C15*100 -> 32.979443
A16: AC576YK | B16: 5713.93 | C16: 15618 | D16: =B16/C16*100 -> 36.585542
... A115: PNH473 | B115: 6210.37 | C115: 16208 | D115: =B115/C115*100 -> 38.316695
A116: Total general | B116: 661124.46 | C116: =SUM(C5:C115) -> 1849460 | D116: =B116/C116*100 -> 35.746892

Sheet CONSOLIDADO
B2: PATENTE | C2: patente2 | D2: 45413 | E2: 45444 | F2: 45474 | G2: 45505 | H2: 45536 | I2: 45566 | J2: 45597 | K2: 45627 | L2: 45658 | M2: 45689 | N2: 45717 | O2: 45748 | P2: 45778 | Q2: 45809 | R2: 45839 | S2: 45870 | T2: 45901 | U2: 45931
A3: 36 / 37 | B3: OIX583 | C3: IVECO 330 | D3: =VLOOKUP(Tabla3[[#This Row],[PATENTE]],'MAYO 2024'!$A:$D,4,0) -> 41.227537 | E3: =VLOOKUP(Tabla3[[#This Row],[PATENTE]],'JUNIO 2024'!$A:$D,4,0) -> 41.632936 | F3: =VLOOKUP(Tabla3[[#This Row],[PATENTE]],'JULIO 2024'!$A:$D,4,0) -> 41.812196 | G3: =VLOOKUP(Tabla3[[#This Row],[PATENTE]],'AGOSTO 2024'!$A:$D,4,0) -> 42.230776 | I3: =VLOOKUP(Tabla3[[#This Row],[PATENTE]],'OCTUBRE 2024'!$A:$D,4,0) -> 40.124393 | J3: =VLOOKUP(Tabla3[[#This Row],[PATENTE]],'NOVIEMBRE 2024'!$A:$D,4,0) -> 40.634073 | K3: =VLOOKUP(Tabla3[[#This Row],[PATENTE]],'DICIEMBRE 2024'!$A:$D,4,0) -> 39.987104 | L3: =VLOOKUP(Tabla3[[#This Row],[PATENTE]],'ENERO 2025'!$A:$D,4,0) -> 38.473164 | M3: =VLOOKUP(Tabla3[[#This Row],[PATENTE]],'FEBRERO 2025'!$A:$D,4,0) -> 40.715915 | N3: =VLOOKUP(Tabla3[[#This Row],[PATENTE]],'MARZO 2025'!$A:$D,4,0) -> 40.672855 | O3: =VLOOKUP(Tabla3[[#This Row],[PATENTE]],'ABRIL 2025'!$A:$D,4,0) -> 37.024559 | P3: =VLOOKUP(Tabla3[[#This Row],[PATENTE]],'MAYO 2025'!$A:$D,4,0) -> 36.39295 | Q3: =VLOOKUP(Tabla3[[#This Row],[PATENTE]],'JUNIO 2025'!$A:$D,4,0) -> 38.61518 | R3: =VLOOKUP(Tabla3[[#This Row],[PATENTE]],'JULIO 2025'!$A:$D,4,0) -> 39.128999 | S3: =VLOOKUP(Tabla3[[#This Row],[PATENTE]],'AGOSTO 2025'!$A:$D,4,0) -> 40.222669 | T3: =VLOOKUP(Tabla3[[#This Row],[PATENTE]],'SEPTIEMBRE 2025'!$A:$D,4,0) -> 38.499773 | U3: =VLOOKUP(Tabla3[[#This Row],[PATENTE]],'OCTUBRE 2025'!$A:$D,4,0) -> 38.563202 | V3: =AVERAGE(D3:U3) -> 39.762252
B4: MRI892 | C4: IVECO 330 | D4: =VLOOKUP(Tabla3[[#This Row],[PATENTE]],'MAYO 2024'!$A:$D,4,0) -> 36.013939 | E4: =VLOOKUP(Tabla3[[#This Row],[PATENTE]],'JUNIO 2024'!$A:$D,4,0) -> 38.747538 | F4: =VLOOKUP(Tabla3[[#This Row],[PATENTE]],'JULIO 2024'!$A:$D,4,0) -> 40.230616 | G4: =VLOOKUP(Tabla3[[#This Row],[PATENTE]],'AGOSTO 2024'!$A:$D,4,0) -> 40.32526 | H4: =VLOOKUP(Tabla3[[#This Row],[PATENTE]],'SEPTIEMBRE 2024'!$A:$D,4,0) -> 39.563115 | I4: =VLOOKUP(Tabla3[[#This Row],[PATENTE]],'OCTUBRE 2024'!$A:$D,4,0) -> 39.761499 | J4: =VLOOKUP(Tabla3[[#This Row],[PATENTE]],'NOVIEMBRE 2024'!$A:$D,4,0) -> 39.2266 | K4: =VLOOKUP(Tabla3[[#This Row],[PATENTE]],'DICIEMBRE 2024'!$A:$D,4,0) -> 40.667546 | P4: =VLOOKUP(Tabla3[[#This Row],[PATENTE]],'MAYO 2025'!$A:$D,4,0) -> 39.397391 | Q4: =VLOOKUP(Tabla3[[#This Row],[PATENTE]],'JUNIO 2025'!$A:$D,4,0) -> 37.222058 | R4: =VLOOKUP(Tabla3[[#This Row],[PATENTE]],'JULIO 2025'!$A:$D,4,0) -> 39.835528 | S4: =VLOOKUP(Tabla3[[#This Row],[PATENTE]],'AGOSTO 2025'!$A:$D,4,0) -> 39.622011 | T4: =VLOOKUP(Tabla3[[#This Row],[PATENTE]],'SEPTIEMBRE 2025'!$A:$D,4,0) -> 40.314245 | U4: =VLOOKUP(Tabla3[[#This Row],[PATENTE]],'OCTUBRE 2025'!$A:$D,4,0) -> 39.86642 | V4: =AVERAGE(D4:U4) -> 39.342412
B5: LDJ115 | C5: IVECO 330 | D5: =VLOOKUP(Tabla3[[#This Row],[PATENTE]],'MAYO 2024'!$A:$D,4,0) -> 37.523245 | E5: =VLOOKUP(Tabla3[[#This Row],[PATENTE]],'JUNIO 2024'!$A:$D,4,0) -> 39.604459 | F5: =VLOOKUP(Tabla3[[#This Row],[PATENTE]],'JULIO 2024'!$A:$D,4,0) -> 40.293501 | G5: =VLOOKUP(Tabla3[[#This Row],[PATENTE]],'AGOSTO 2024'!$A:$D,4,0) -> 39.346109 | H5: =VLOOKUP(Tabla3[[#This Row],[PATENTE]],'SEPTIEMBRE 2024'!$A:$D,4,0) -> 39.155348 | I5: =VLOOKUP(Tabla3[[#This Row],[PATENTE]],'OCTUBRE 2024'!$A:$D,4,0) -> 38.697325 | J5: =VLOOKUP(Tabla3[[#This Row],[PATENTE]],'NOVIEMBRE 2024'!$A:$D,4,0) -> 38.971972 | K5: =VLOOKUP(Tabla3[[#This Row],[PATENTE]],'DICIEMBRE 2024'!$A:$D,4,0) -> 40.786081 | L5: =VLOOKUP(Tabla3[[#This Row],[PATENTE]],'ENERO 2025'!$A:$D,4,0) -> 38.444691 | M5: =VLOOKUP(Tabla3[[#This Row],[PATENTE]],'FEBRERO 2025'!$A:$D,4,0) -> 39.177323 | N5: =VLOOKUP(Tabla3[[#This Row],[PATENTE]],'MARZO 2025'!$A:$D,4,0) -> 40.133002 | O5: =VLOOKUP(Tabla3[[#This Row],[PATENTE]],'ABRIL 2025'!$A:$D,4,0) -> 37.104345 | P5: =VLOOKUP(Tabla3[[#This Row],[PATENTE]],'MAYO 2025'!$A:$D,4,0) -> 40.025606 | Q5: =VLOOKUP(Tabla3[[#This Row],[PATENTE]],'JUNIO 2025'!$A:$D,4,0) -> 41.142265 | R5: =VLOOKUP(Tabla3[[#This Row],[PATENTE]],'JULIO 2025'!$A:$D,4,0) -> 40.985979 | S5: =VLOOKUP(Tabla3[[#This Row],[PATENTE]],'AGOSTO 2025'!$A:$D,4,0) -> 37.239894 | T5: =VLOOKUP(Tabla3[[#This Row],[PATENTE]],'SEPTIEMBRE 2025'!$A:$D,4,0) -> 37.460213 | U5: =VLOOKUP(Tabla3[[#This Row],[PATENTE]],'OCTUBRE 2025'!$A:$D,4,0) -> 38.580129 | V5: =AVERAGE(D5:U5) -> 39.148416
B6: LLN461 | C6: IVECO 330 | D6: =VLOOKUP(Tabla3[[#This Row],[PATENTE]],'MAYO 2024'!$A:$D,4,0) -> 39.704892 | E6: =VLOOKUP(Tabla3[[#This Row],[PATENTE]],'JUNIO 2024'!$A:$D,4,0) -> 38.976587 | F6: =VLOOKUP(Tabla3[[#This Row],[PATENTE]],'JULIO 2024'!$A:$D,4,0) -> 39.544957 | G6: =VLOOKUP(Tabla3[[#This Row],[PATENTE]],'AGOSTO 2024'!$A:$D,4,0) -> 40.620033 | H6: =VLOOKUP(Tabla3[[#This Row],[PATENTE]],'SEPTIEMBRE 2024'!$A:$D,4,0) -> 42.280272 | I6: =VLOOKUP(Tabla3[[#This Row],[PATENTE]],'OCTUBRE 2024'!$A:$D,4,0) -> 42.733023 | J6: =VLOOKUP(Tabla3[[#This Row],[PATENTE]],'NOVIEMBRE 2024'!$A:$D,4,0) -> 43.274686 | K6: =VLOOKUP(Tabla3[[#This Row],[PATENTE]],'DICIEMBRE 2024'!$A:$D,4,0) -> 40.665756 | L6: =VLOOKUP(Tabla3[[#This Row],[PATENTE]],'ENERO 2025'!$A:$D,4,0) -> 40.172414 | M6: =VLOOKUP(Tabla3[[#This Row],[PATENTE]],'FEBRERO 2025'!$A:$D,4,0) -> 39.275005 | N6: =VLOOKUP(Tabla3[[#This Row],[PATENTE]],'MARZO 2025'!$A:$D,4,0) -> 37.685932 | O6: =VLOOKUP(Tabla3[[#This Row],[PATENTE]],'ABRIL 2025'!$A:$D,4,0) -> 33.304015 | P6: =VLOOKUP(Tabla3[[#This Row],[PATENTE]],'MAYO 2025'!$A:$D,4,0) -> 37.300386 | Q6: =VLOOKUP(Tabla3[[#This Row],[PATENTE]],'JUNIO 2025'!$A:$D,4,0) -> 37.427342 | R6: =VLOOKUP(Tabla3[[#This Row],[PATENTE]],'JULIO 2025'!$A:$D,4,0) -> 36.960816 | S6: =VLOOKUP(Tabla3[[#This Row],[PATENTE]],'AGOSTO 2025'!$A:$D,4,0) -> 33.989384 | T6: =VLOOKUP(Tabla3[[#This Row],[PATENTE]],'SEPTIEMBRE 2025'!$A:$D,4,0) -> 35.11888 | U6: =VLOOKUP(Tabla3[[#This Row],[PATENTE]],'OCTUBRE 2025'!$A:$D,4,0) -> 37.953239 | V6: =AVERAGE(D6:U6) -> 38.721534
B7: LLA868 | C7: IVECO 330 | D7: =VLOOKUP(Tabla3[[#This Row],[PATENTE]],'MAYO 2024'!$A:$D,4,0) -> 38.797221 | E7: =VLOOKUP(Tabla3[[#This Row],[PATENTE]],'JUNIO 2024'!$A:$D,4,0) -> 38.480925 | F7: =VLOOKUP(Tabla3[[#This Row],[PATENTE]],'JULIO 2024'!$A:$D,4,0) -> 40.825025 | G7: =VLOOKUP(Tabla3[[#This Row],[PATENTE]],'AGOSTO 2024'!$A:$D,4,0) -> 41.442874 | H7: =VLOOKUP(Tabla3[[#This Row],[PATENTE]],'SEPTIEMBRE 2024'!$A:$D,4,0) -> 41.427128 | I7: =VLOOKUP(Tabla3[[#This Row],[PATENTE]],'OCTUBRE 2024'!$A:$D,4,0) -> 39.200602 | J7: =VLOOKUP(Tabla3[[#This Row],[PATENTE]],'NOVIEMBRE 2024'!$A:$D,4,0) -> 41.379919 | K7: =VLOOKUP(Tabla3[[#This Row],[PATENTE]],'DICIEMBRE 2024'!$A:$D,4,0) -> 42.599359 | L7: =VLOOKUP(Tabla3[[#This Row],[PATENTE]],'ENERO 2025'!$A:$D,4,0) -> 40.895594 | M7: =VLOOKUP(Tabla3[[#This Row],[PATENTE]],'FEBRERO 2025'!$A:$D,4,0) -> 40.918128 | N7: =VLOOKUP(Tabla3[[#This Row],[PATENTE]],'MARZO 2025'!$A:$D,4,0) -> 37.047753 | O7: =VLOOKUP(Tabla3[[#This Row],[PATENTE]],'ABRIL 2025'!$A:$D,4,0) -> 39.489523 | P7: =VLOOKUP(Tabla3[[#This Row],[PATENTE]],'MAYO 2025'!$A:$D,4,0) -> 38.756575 | Q7: =VLOOKUP(Tabla3[[#This Row],[PATENTE]],'JUNIO 2025'!$A:$D,4,0) -> 38.61777 | R7: =VLOOKUP(Tabla3[[#This Row],[PATENTE]],'JULIO 2025'!$A:$D,4,0) -> 38.901851 | S7: =VLOOKUP(Tabla3[[#This Row],[PATENTE]],'AGOSTO 2025'!$A:$D,4,0) -> 39.046351 | T7: =VLOOKUP(Tabla3[[#This Row],[PATENTE]],'SEPTIEMBRE 2025'!$A:$D,4,0) -> 39.229203 | U7: =VLOOKUP(Tabla3[[#This Row],[PATENTE]],'OCTUBRE 2025'!$A:$D,4,0) -> 37.321388 | V7: =AVERAGE(D7:U7) -> 39.687622
B8: LLN462 | C8: IVECO 330 | D8: =VLOOKUP(Tabla3[[#This Row],[PATENTE]],'MAYO 2024'!$A:$D,4,0) -> 39.106583 | E8: =VLOOKUP(Tabla3[[#This Row],[PATENTE]],'JUNIO 2024'!$A:$D,4,0) -> 39.72457 | F8: =VLOOKUP(Tabla3[[#This Row],[PATENTE]],'JULIO 2024'!$A:$D,4,0) -> 38.319101 | G8: =VLOOKUP(Tabla3[[#This Row],[PATENTE]],'AGOSTO 2024'!$A:$D,4,0) -> 38.77127 | H8: =VLOOKUP(Tabla3[[#This Row],[PATENTE]],'SEPTIEMBRE 2024'!$A:$D,4,0) -> 40.581412 | I8: =VLOOKUP(Tabla3[[#This Row],[PATENTE]],'OCTUBRE 2024'!$A:$D,4,0) -> 39.827292 | J8: =VLOOKUP(Tabla3[[#This Row],[PATENTE]],'NOVIEMBRE 2024'!$A:$D,4,0) -> 40.126611 | K8: =VLOOKUP(Tabla3[[#This Row],[PATENTE]],'DICIEMBRE 2024'!$A:$D,4,0) -> 39.903888 | L8: =VLOOKUP(Tabla3[[#This Row],[PATENTE]],'ENERO 2025'!$A:$D,4,0) -> 39.939305 | M8: =VLOOKUP(Tabla3[[#This Row],[PATENTE]],'FEBRERO 2025'!$A:$D,4,0) -> 39.528595 | N8: =VLOOKUP(Tabla3[[#This Row],[PATENTE]],'MARZO 2025'!$A:$D,4,0) -> 36.541704 | O8: =VLOOKUP(Tabla3[[#This Row],[PATENTE]],'ABRIL 2025'!$A:$D,4,0) -> 34.592233 | P8: =VLOOKUP(Tabla3[[#This Row],[PATENTE]],'MAYO 2025'!$A:$D,4,0) -> 38.012186 | Q8: =VLOOKUP(Tabla3[[#This Row],[PATENTE]],'JUNIO 2025'!$A:$D,4,0) -> 42.215983 | R8: =VLOOKUP(Tabla3[[#This Row],[PATENTE]],'JULIO 2025'!$A:$D,4,0) -> 35.115925 | S8: =VLOOKUP(Tabla3[[#This Row],[PATENTE]],'AGOSTO 2025'!$A:$D,4,0) -> 34.930512 | T8: =VLOOKUP(Tabla3[[#This Row],[PATENTE]],'SEPTIEMBRE 2025'!$A:$D,4,0) -> 36.534364 | V8: =AVERAGE(D8:U8) -> 38.457149
B9: LLN460 | C9: IVECO 330 | D9: =VLOOKUP(Tabla3[[#This Row],[PATENTE]],'MAYO 2024'!$A:$D,4,0) -> 40.39384 | E9: =VLOOKUP(Tabla3[[#This Row],[PATENTE]],'JUNIO 2024'!$A:$D,4,0) -> 40.78669 | F9: =VLOOKUP(Tabla3[[#This Row],[PATENTE]],'JULIO 2024'!$A:$D,4,0) -> 39.270163 | G9: =VLOOKUP(Tabla3[[#This Row],[PATENTE]],'AGOSTO 2024'!$A:$D,4,0) -> 40.861535 | H9: =VLOOKUP(Tabla3[[#This Row],[PATENTE]],'SEPTIEMBRE 2024'!$A:$D,4,0) -> 42.934693 | I9: =VLOOKUP(Tabla3[[#This Row],[PATENTE]],'OCTUBRE 2024'!$A:$D,4,0) -> 45.58789 | J9: =VLOOKUP(Tabla3[[#This Row],[PATENTE]],'NOVIEMBRE 2024'!$A:$D,4,0) -> 40.917713 | K9: =VLOOKUP(Tabla3[[#This Row],[PATENTE]],'DICIEMBRE 2024'!$A:$D,4,0) -> 40.722931 | L9: =VLOOKUP(Tabla3[[#This Row],[PATENTE]],'ENERO 2025'!$A:$D,4,0) -> 39.505315 | M9: =VLOOKUP(Tabla3[[#This Row],[PATENTE]],'FEBRERO 2025'!$A:$D,4,0) -> 40.228348 | N9: =VLOOKUP(Tabla3[[#This Row],[PATENTE]],'MARZO 2025'!$A:$D,4,0) -> 35.080848 | O9: =VLOOKUP(Tabla3[[#This Row],[PATENTE]],'ABRIL 2025'!$A:$D,4,0) -> 35.837776 | P9: =VLOOKUP(Tabla3[[#This Row],[PATENTE]],'MAYO 2025'!$A:$D,4,0) -> 40.000895 | Q9: =VLOOKUP(Tabla3[[#This Row],[PATENTE]],'JUNIO 2025'!$A:$D,4,0) -> 41.29604 | R9: =VLOOKUP(Tabla3[[#This Row],[PATENTE]],'JULIO 2025'!$A:$D,4,0) -> 41.506073 | S9: =VLOOKUP(Tabla3[[#This Row],[PATENTE]],'AGOSTO 2025'!$A:$D,4,0) -> 40.273411 | T9: =VLOOKUP(Tabla3[[#This Row],[PATENTE]],'SEPTIEMBRE 2025'!$A:$D,4,0) -> 42.053734 | V9: =AVERAGE(D9:U9) -> 40.426935
B10: AG006FY | C10: HEY ROAD | D10: =VLOOKUP(Tabla3[[#This Row],[PATENTE]],'MAYO 2024'!$A:$D,4,0) -> 36.863285 | E10: =VLOOKUP(Tabla3[[#This Row],[PATENTE]],'JUNIO 2024'!$A:$D,4,0) -> 35.505189 | F10: =VLOOKUP(Tabla3[[#This Row],[PATENTE]],'JULIO 2024'!$A:$D,4,0) -> 36.214442 | G10: =VLOOKUP(Tabla3[[#This Row],[PATENTE]],'AGOSTO 2024'!$A:$D,4,0) -> 35.436388 | H10: =VLOOKUP(Tabla3[[#This Row],[PATENTE]],'SEPTIEMBRE 2024'!$A:$D,4,0) -> 35.378217 | I10: =VLOOKUP(Tabla3[[#This Row],[PATENTE]],'OCTUBRE 2024'!$A:$D,4,0) -> 34.450602 | J10: =VLOOKUP(Tabla3[[#This Row],[PATENTE]],'NOVIEMBRE 2024'!$A:$D,4,0) -> 36.11688 | K10: =VLOOKUP(Tabla3[[#This Row],[PATENTE]],'DICIEMBRE 2024'!$A:$D,4,0) -> 35.743768 | L10: =VLOOKUP(Tabla3[[#This Row],[PATENTE]],'ENERO 2025'!$A:$D,4,0) -> 35.302364 | M10: =VLOOKUP(Tabla3[[#This Row],[PATENTE]],'FEBRERO 2025'!$A:$D,4,0) -> 35.80018 | N10: =VLOOKUP(Tabla3[[#This Row],[PATENTE]],'MARZO 2025'!$A:$D,4,0) -> 36.200808 | O10: =VLOOKUP(Tabla3[[#This Row],[PATENTE]],'ABRIL 2025'!$A:$D,4,0) -> 35.651885 | P10: =VLOOKUP(Tabla3[[#This Row],[PATENTE]],'MAYO 2025'!$A:$D,4,0) -> 35.277778 | Q10: =VLOOKUP(Tabla3[[#This Row],[PATENTE]],'JUNIO 2025'!$A:$D,4,0) -> 34.853479 | R10: =VLOOKUP(Tabla3[[#This Row],[PATENTE]],'JULIO 2025'!$A:$D,4,0) -> 34.24996 | S10: =VLOOKUP(Tabla3[[#This Row],[PATENTE]],'AGOSTO 2025'!$A:$D,4,0) -> 34.323814 | T10: =VLOOKUP(Tabla3[[#This Row],[PATENTE]],'SEPTIEMBRE 2025'!$A:$D,4,0) -> 34.309016 | U10: =VLOOKUP(Tabla3[[#This Row],[PATENTE]],'OCTUBRE 2025'!$A:$D,4,0) -> 34.232541 | V10: =AVERAGE(D10:U10) -> 35.328367
B11: AA129CZ | C11: IVECO 330 | D11: =VLOOKUP(Tabla3[[#This Row],[PATENTE]],'MAYO 2024'!$A:$D,4,0) -> 40.464371 | E11: =VLOOKUP(Tabla3[[#This Row],[PATENTE]],'JUNIO 2024'!$A:$D,4,0) -> 38.990504 | F11: =VLOOKUP(Tabla3[[#This Row],[PATENTE]],'JULIO 2024'!$A:$D,4,0) -> 39.903192 | G11: =VLOOKUP(Tabla3[[#This Row],[PATENTE]],'AGOSTO 2024'!$A:$D,4,0) -> 39.584849 | H11: =VLOOKUP(Tabla3[[#This Row],[PATENTE]],'SEPTIEMBRE 2024'!$A:$D,4,0) -> 39.350048 | I11: =VLOOKUP(Tabla3[[#This Row],[PATENTE]],'OCTUBRE 2024'!$A:$D,4,0) -> 39.564013 | J11: =VLOOKUP(Tabla3[[#This Row],[PATENTE]],'NOVIEMBRE 2024'!$A:$D,4,0) -> 38.769103 | K11: =VLOOKUP(Tabla3[[#This Row],[PATENTE]],'DICIEMBRE 2024'!$A:$D,4,0) -> 39.411085 | L11: =VLOOKUP(Tabla3[[#This Row],[PATENTE]],'ENERO 2025'!$A:$D,4,0) -> 43.155322 | M11: =VLOOKUP(Tabla3[[#This Row],[PATENTE]],'FEBRERO 2025'!$A:$D,4,0) -> 39.939795 | N11: =VLOOKUP(Tabla3[[#This Row],[PATENTE]],'MARZO 2025'!$A:$D,4,0) -> 39.741299 | O11: =VLOOKUP(Tabla3[[#This Row],[PATENTE]],'ABRIL 2025'!$A:$D,4,0) -> 41.894688 | P11: =VLOOKUP(Tabla3[[#This Row],[PATENTE]],'MAYO 2025'!$A:$D,4,0) -> 40.620996 | Q11: =VLOOKUP(Tabla3[[#This Row],[PATENTE]],'JUNIO 2025'!$A:$D,4,0) -> 38.063489 | R11: =VLOOKUP(Tabla3[[#This Row],[PATENTE]],'JULIO 2025'!$A:$D,4,0) -> 39.023743 | S11: =VLOOKUP(Tabla3[[#This Row],[PATENTE]],'AGOSTO 2025'!$A:$D,4,0) -> 37.774265 | T11: =VLOOKUP(Tabla3[[#This Row],[PATENTE]],'SEPTIEMBRE 2025'!$A:$D,4,0) -> 39.729269 | U11: =VLOOKUP(Tabla3[[#This Row],[PATENTE]],'OCTUBRE 2025'!$A:$D,4,0) -> 39.376996 | V11: =AVERAGE(D11:U11) -> 39.742057
B12: LLA869 | C12: IVECO 330 | D12: =VLOOKUP(Tabla3[[#This Row],[PATENTE]],'MAYO 2024'!$A:$D,4,0) -> 42.185282 | E12: =VLOOKUP(Tabla3[[#This Row],[PATENTE]],'JUNIO 2024'!$A:$D,4,0) -> 43.189095 | F12: =VLOOKUP(Tabla3[[#This Row],[PATENTE]],'JULIO 2024'!$A:$D,4,0) -> 42.335911 | G12: =VLOOKUP(Tabla3[[#This Row],[PATENTE]],'AGOSTO 2024'!$A:$D,4,0) -> 43.918533 | H12: =VLOOKUP(Tabla3[[#This Row],[PATENTE]],'SEPTIEMBRE 2024'!$A:$D,4,0) -> 43.254767 | I12: =VLOOKUP(Tabla3[[#This Row],[PATENTE]],'OCTUBRE 2024'!$A:$D,4,0) -> 44.58823 | J12: =VLOOKUP(Tabla3[[#This Row],[PATENTE]],'NOVIEMBRE 2024'!$A:$D,4,0) -> 41.367098 | K12: =VLOOKUP(Tabla3[[#This Row],[PATENTE]],'DICIEMBRE 2024'!$A:$D,4,0) -> 39.789666 | L12: =VLOOKUP(Tabla3[[#This Row],[PATENTE]],'ENERO 2025'!$A:$D,4,0) -> 42.126666 | M12: =VLOOKUP(Tabla3[[#This Row],[PATENTE]],'FEBRERO 2025'!$A:$D,4,0) -> 41.846687 | N12: =VLOOKUP(Tabla3[[#This Row],[PATENTE]],'MARZO 2025'!$A:$D,4,0) -> 41.670294 | O12: =VLOOKUP(Tabla3[[#This Row],[PATENTE]],'ABRIL 2025'!$A:$D,4,0) -> 42.365833 | P12: =VLOOKUP(Tabla3[[#This Row],[PATENTE]],'MAYO 2025'!$A:$D,4,0) -> 42.020366 | Q12: =VLOOKUP(Tabla3[[#This Row],[PATENTE]],'JUNIO 2025'!$A:$D,4,0) -> 38.793907 | R12: =VLOOKUP(Tabla3[[#This Row],[PATENTE]],'JULIO 2025'!$A:$D,4,0) -> 39.162307 | S12: =VLOOKUP(Tabla3[[#This Row],[PATENTE]],'AGOSTO 2025'!$A:$D,4,0) -> 38.180201 | T12: =VLOOKUP(Tabla3[[#This Row],[PATENTE]],'SEPTIEMBRE 2025'!$A:$D,4,0) -> 39.119936 | U12: =VLOOKUP(Tabla3[[#This Row],[PATENTE]],'OCTUBRE 2025'!$A:$D,4,0) -> 38.330332 | V12: =AVERAGE(D12:U12) -> 41.346951
B13: AC488KH | C13: IVECO 360 | D13: =VLOOKUP(Tabla3[[#This Row],[PATENTE]],'MAYO 2024'!$A:$D,4,0) -> 36.012595 | E13: =VLOOKUP(Tabla3[[#This Row],[PATENTE]],'JUNIO 2024'!$A:$D,4,0) -> 36.467418 | F13: =VLOOKUP(Tabla3[[#This Row],[PATENTE]],'JULIO 2024'!$A:$D,4,0) -> 34.417992 | G13: =VLOOKUP(Tabla3[[#This Row],[PATENTE]],'AGOSTO 2024'!$A:$D,4,0) -> 36.988691 | H13: =VLOOKUP(Tabla3[[#This Row],[PATENTE]],'SEPTIEMBRE 2024'!$A:$D,4,0) -> 38.265726 | I13: =VLOOKUP(Tabla3[[#This Row],[PATENTE]],'OCTUBRE 2024'!$A:$D,4,0) -> 34.720963 | J13: =VLOOKUP(Tabla3[[#This Row],[PATENTE]],'NOVIEMBRE 2024'!$A:$D,4,0) -> 36.129145 | K13: =VLOOKUP(Tabla3[[#This Row],[PATENTE]],'DICIEMBRE 2024'!$A:$D,4,0) -> 35.436062 | L13: =VLOOKUP(Tabla3[[#This Row],[PATENTE]],'ENERO 2025'!$A:$D,4,0) -> 33.226025 | M13: =VLOOKUP(Tabla3[[#This Row],[PATENTE]],'FEBRERO 2025'!$A:$D,4,0) -> 33.231993 | N13: =VLOOKUP(Tabla3[[#This Row],[PATENTE]],'MARZO 2025'!$A:$D,4,0) -> 36.075297 | O13: =VLOOKUP(Tabla3[[#This Row],[PATENTE]],'ABRIL 2025'!$A:$D,4,0) -> 34.371229 | P13: =VLOOKUP(Tabla3[[#This Row],[PATENTE]],'MAYO 2025'!$A:$D,4,0) -> 34.946032 | Q13: =VLOOKUP(Tabla3[[#This Row],[PATENTE]],'JUNIO 2025'!$A:$D,4,0) -> 35.337969 | R13: =VLOOKUP(Tabla3[[#This Row],[PATENTE]],'JULIO 2025'!$A:$D,4,0) -> 33.890194 | S13: =VLOOKUP(Tabla3[[#This Row],[PATENTE]],'AGOSTO 2025'!$A:$D,4,0) -> 33.493251 | T13: =VLOOKUP(Tabla3[[#This Row],[PATENTE]],'SEPTIEMBRE 2025'!$A:$D,4,0) -> 35.279224 | U13: =VLOOKUP(Tabla3[[#This Row],[PATENTE]],'OCTUBRE 2025'!$A:$D,4,0) -> 32.979443 | V13: =AVERAGE(D13:U13) -> 35.070514
B14: LLN463 | C14: IVECO 330 | D14: =VLOOKUP(Tabla3[[#This Row],[PATENTE]],'MAYO 2024'!$A:$D,4,0) -> 39.403409 | E14: =VLOOKUP(Tabla3[[#This Row],[PATENTE]],'JUNIO 2024'!$A:$D,4,0) -> 38.045521 | F14: =VLOOKUP(Tabla3[[#This Row],[PATENTE]],'JULIO 2024'!$A:$D,4,0) -> 38.859361 | G14: =VLOOKUP(Tabla3[[#This Row],[PATENTE]],'AGOSTO 2024'!$A:$D,4,0) -> 40.113808 | H14: =VLOOKUP(Tabla3[[#This Row],[PATENTE]],'SEPTIEMBRE 2024'!$A:$D,4,0) -> 39.782931 | I14: =VLOOKUP(Tabla3[[#This Row],[PATENTE]],'OCTUBRE 2024'!$A:$D,4,0) -> 40.680597 | J14: =VLOOKUP(Tabla3[[#This Row],[PATENTE]],'NOVIEMBRE 2024'!$A:$D,4,0) -> 42.916058 | K14: =VLOOKUP(Tabla3[[#This Row],[PATENTE]],'DICIEMBRE 2024'!$A:$D,4,0) -> 41.015108 | L14: =VLOOKUP(Tabla3[[#This Row],[PATENTE]],'ENERO 2025'!$A:$D,4,0) -> 38.612581 | M14: =VLOOKUP(Tabla3[[#This Row],[PATENTE]],'FEBRERO 2025'!$A:$D,4,0) -> 41.408829 | N14: =VLOOKUP(Tabla3[[#This Row],[PATENTE]],'MARZO 2025'!$A:$D,4,0) -> 36.30482 | O14: =VLOOKUP(Tabla3[[#This Row],[PATENTE]],'ABRIL 2025'!$A:$D,4,0) -> 38.354262 | P14: =VLOOKUP(Tabla3[[#This Row],[PATENTE]],'MAYO 2025'!$A:$D,4,0) -> 36.823544 | Q14: =VLOOKUP(Tabla3[[#This Row],[PATENTE]],'JUNIO 2025'!$A:$D,4,0) -> 36.570062 | R14: =VLOOKUP(Tabla3[[#This Row],[PATENTE]],'JULIO 2025'!$A:$D,4,0) -> 37.681127 | S14: =VLOOKUP(Tabla3[[#This Row],[PATENTE]],'AGOSTO 2025'!$A:$D,4,0) -> 37.228609 | T14: =VLOOKUP(Tabla3[[#This Row],[PATENTE]],'SEPTIEMBRE 2025'!$A:$D,4,0) -> 38.780224 | U14: =VLOOKUP(Tabla3[[#This Row],[PATENTE]],'OCTUBRE 2025'!$A:$D,4,0) -> 38.379281 | V14: =AVERAGE(D14:U14) -> 38.942229
C16: Promedios | D16: =AVERAGE(D3:D14) -> 38.974683 | E16: =AVERAGE(E3:E14) -> 39.179286 | F16: =AVERAGE(F3:F14) -> 39.335538 | G16: =AVERAGE(G3:G14) -> 39.970011 | H16: =AVERAGE(H3:H14) -> 40.179423 | I16: =AVERAGE(I3:I14) -> 39.994703 | J16: =AVERAGE(J3:J14) -> 39.985822 | K16: =AVERAGE(K3:K14) -> 39.727363 | ... U16: =AVERAGE(U3:U14) -> 37.558297
A18: 36 / 37 | B18: NZB189 | C18: MB 1634 | D18: =VLOOKUP(Tabla3[[#This Row],[PATENTE]],'MAYO 2024'!$A:$D,4,0) -> 38.857075 | E18: =VLOOKUP(Tabla3[[#This Row],[PATENTE]],'JUNIO 2024'!$A:$D,4,0) -> 40.29189 | G18: =VLOOKUP(Tabla3[[#This Row],[PATENTE]],'AGOSTO 2024'!$A:$D,4,0) -> 40.934767 | H18: =VLOOKUP(Tabla3[[#This Row],[PATENTE]],'SEPTIEMBRE 2024'!$A:$D,4,0) -> 40.637168 | I18: =VLOOKUP(Tabla3[[#This Row],[PATENTE]],'OCTUBRE 2024'!$A:$D,4,0) -> 38.737639 | J18: =VLOOKUP(Tabla3[[#This Row],[PATENTE]],'NOVIEMBRE 2024'!$A:$D,4,0) -> 40.96 | K18: =VLOOKUP(Tabla3[[#This Row],[PATENTE]],'DICIEMBRE 2024'!$A:$D,4,0) -> 39.514636 | L18: =VLOOKUP(Tabla3[[#This Row],[PATENTE]],'ENERO 2025'!$A:$D,4,0) -> 40.422464 | P18: =VLOOKUP(Tabla3[[#This Row],[PATENTE]],'MAYO 2025'!$A:$D,4,0) -> 38.427225 | Q18: =VLOOKUP(Tabla3[[#This Row],[PATENTE]],'JUNIO 2025'!$A:$D,4,0) -> 40.273793 | R18: =VLOOKUP(Tabla3[[#This Row],[PATENTE]],'JULIO 2025'!$A:$D,4,0) -> 39.624262 | S18: =VLOOKUP(Tabla3[[#This Row],[PATENTE]],'AGOSTO 2025'!$A:$D,4,0) -> 37.636823 | T18: =VLOOKUP(Tabla3[[#This Row],[PATENTE]],'SEPTIEMBRE 2025'!$A:$D,4,0) -> 37.747116 | U18: =VLOOKUP(Tabla3[[#This Row],[PATENTE]],'OCTUBRE 2025'!$A:$D,4,0) -> 36.547847 | V18: =AVERAGE(D18:U18) -> 39.329479
B19: OYD523 | C19: MB 1634 | E19: =VLOOKUP(Tabla3[[#This Row],[PATENTE]],'JUNIO 2024'!$A:$D,4,0) -> 37.040216 | F19: =VLOOKUP(Tabla3[[#This Row],[PATENTE]],'JULIO 2024'!$A:$D,4,0) -> 39.78667 | G19: =VLOOKUP(Tabla3[[#This Row],[PATENTE]],'AGOSTO 2024'!$A:$D,4,0) -> 41.641831 | H19: =VLOOKUP(Tabla3[[#This Row],[PATENTE]],'SEPTIEMBRE 2024'!$A:$D,4,0) -> 39.078767 | I19: =VLOOKUP(Tabla3[[#This Row],[PATENTE]],'OCTUBRE 2024'!$A:$D,4,0) -> 41.930618 | J19: =VLOOKUP(Tabla3[[#This Row],[PATENTE]],'NOVIEMBRE 2024'!$A:$D,4,0) -> 42.814572 | K19: =VLOOKUP(Tabla3[[#This Row],[PATENTE]],'DICIEMBRE 2024'!$A:$D,4,0) -> 41.173378 | L19: =VLOOKUP(Tabla3[[#This Row],[PATENTE]],'ENERO 2025'!$A:$D,4,0) -> 39.791118 | M19: =VLOOKUP(Tabla3[[#This Row],[PATENTE]],'FEBRERO 2025'!$A:$D,4,0) -> 40.658219 | N19: =VLOOKUP(Tabla3[[#This Row],[PATENTE]],'MARZO 2025'!$A:$D,4,0) -> 37.182864 | O19: =VLOOKUP(Tabla3[[#This Row],[PATENTE]],'ABRIL 2025'!$A:$D,4,0) -> 37.474608 | P19: =VLOOKUP(Tabla3[[#This Row],[PATENTE]],'MAYO 2025'!$A:$D,4,0) -> 34.512808 | Q19: =VLOOKUP(Tabla3[[#This Row],[PATENTE]],'JUNIO 2025'!$A:$D,4,0) -> 35.816666 | R19: =VLOOKUP(Tabla3[[#This Row],[PATENTE]],'JULIO 2025'!$A:$D,4,0) -> 39.282182 | S19: =VLOOKUP(Tabla3[[#This Row],[PATENTE]],'AGOSTO 2025'!$A:$D,4,0) -> 37.021569 | T19: =VLOOKUP(Tabla3[[#This Row],[PATENTE]],'SEPTIEMBRE 2025'!$A:$D,4,0) -> 35.961387 | V19: =AVERAGE(D19:U19) -> 38.822967
B20: OYE456 | C20: MB 1634 | D20: =VLOOKUP(Tabla3[[#This Row],[PATENTE]],'MAYO 2024'!$A:$D,4,0) -> 40.115361 | E20: =VLOOKUP(Tabla3[[#This Row],[PATENTE]],'JUNIO 2024'!$A:$D,4,0) -> 40.253959 | F20: =VLOOKUP(Tabla3[[#This Row],[PATENTE]],'JULIO 2024'!$A:$D,4,0) -> 38.25303 | G20: =VLOOKUP(Tabla3[[#This Row],[PATENTE]],'AGOSTO 2024'!$A:$D,4,0) -> 42.600195 | H20: =VLOOKUP(Tabla3[[#This Row],[PATENTE]],'SEPTIEMBRE 2024'!$A:$D,4,0) -> 42.907622 | I20: =VLOOKUP(Tabla3[[#This Row],[PATENTE]],'OCTUBRE 2024'!$A:$D,4,0) -> 42.277563 | J20: =VLOOKUP(Tabla3[[#This Row],[PATENTE]],'NOVIEMBRE 2024'!$A:$D,4,0) -> 43.169819 | K20: =VLOOKUP(Tabla3[[#This Row],[PATENTE]],'DICIEMBRE 2024'!$A:$D,4,0) -> 41.903739 | L20: =VLOOKUP(Tabla3[[#This Row],[PATENTE]],'ENERO 2025'!$A:$D,4,0) -> 40.174093 | M20: =VLOOKUP(Tabla3[[#This Row],[PATENTE]],'FEBRERO 2025'!$A:$D,4,0) -> 37.259291 | N20: =VLOOKUP(Tabla3[[#This Row],[PATENTE]],'MARZO 2025'!$A:$D,4,0) -> 35.846049 | O20: =VLOOKUP(Tabla3[[#This Row],[PATENTE]],'ABRIL 2025'!$A:$D,4,0) -> 38.613035 | P20: =VLOOKUP(Tabla3[[#This Row],[PATENTE]],'MAYO 2025'!$A:$D,4,0) -> 36.966498 | Q20: =VLOOKUP(Tabla3[[#This Row],[PATENTE]],'JUNIO 2025'!$A:$D,4,0) -> 38.092028 | R20: =VLOOKUP(Tabla3[[#This Row],[PATENTE]],'JULIO 2025'!$A:$D,4,0) -> 39.643243 | S20: =VLOOKUP(Tabla3[[#This Row],[PATENTE]],'AGOSTO 2025'!$A:$D,4,0) -> 39.414952 | T20: =VLOOKUP(Tabla3[[#This Row],[PATENTE]],'SEPTIEMBRE 2025'!$A:$D,4,0) -> 39.574403 | U20: =VLOOKUP(Tabla3[[#This Row],[PATENTE]],'OCTUBRE 2025'!$A:$D,4,0) -> 38.381317 | V20: =AVERAGE(D20:U20) -> 39.747011
B21: PNH470 | C21: MB 1634 | D21: =VLOOKUP(Tabla3[[#This Row],[PATENTE]],'MAYO 2024'!$A:$D,4,0) -> 38.504815 | E21: =VLOOKUP(Tabla3[[#This Row],[PATENTE]],'JUNIO 2024'!$A:$D,4,0) -> 36.311198 | F21: =VLOOKUP(Tabla3[[#This Row],[PATENTE]],'JULIO 2024'!$A:$D,4,0) -> 36.221522 | G21: =VLOOKUP(Tabla3[[#This Row],[PATENTE]],'AGOSTO 2024'!$A:$D,4,0) -> 38.952644 | H21: =VLOOKUP(Tabla3[[#This Row],[PATENTE]],'SEPTIEMBRE 2024'!$A:$D,4,0) -> 38.936422 | I21: =VLOOKUP(Tabla3[[#This Row],[PATENTE]],'OCTUBRE 2024'!$A:$D,4,0) -> 37.155797 | J21: =VLOOKUP(Tabla3[[#This Row],[PATENTE]],'NOVIEMBRE 2024'!$A:$D,4,0) -> 38.314706 | K21: =VLOOKUP(Tabla3[[#This Row],[PATENTE]],'DICIEMBRE 2024'!$A:$D,4,0) -> 36.366138 | L21: =VLOOKUP(Tabla3[[#This Row],[PATENTE]],'ENERO 2025'!$A:$D,4,0) -> 37.71957 | M21: =VLOOKUP(Tabla3[[#This Row],[PATENTE]],'FEBRERO 2025'!$A:$D,4,0) -> 37.224945 | N21: =VLOOKUP(Tabla3[[#This Row],[PATENTE]],'MARZO 2025'!$A:$D,4,0) -> 38.251661 | O21: =VLOOKUP(Tabla3[[#This Row],[PATENTE]],'ABRIL 2025'!$A:$D,4,0) -> 37.954142 | P21: =VLOOKUP(Tabla3[[#This Row],[PATENTE]],'MAYO 2025'!$A:$D,4,0) -> 37.581518 | Q21: =VLOOKUP(Tabla3[[#This Row],[PATENTE]],'JUNIO 2025'!$A:$D,4,0) -> 37.694756 | R21: =VLOOKUP(Tabla3[[#This Row],[PATENTE]],'JULIO 2025'!$A:$D,4,0) -> 34.97355 | S21: =VLOOKUP(Tabla3[[#This Row],[PATENTE]],'AGOSTO 2025'!$A:$D,4,0) -> 36.430354 | T21: =VLOOKUP(Tabla3[[#This Row],[PATENTE]],'SEPTIEMBRE 2025'!$A:$D,4,0) -> 37.357071 | U21: =VLOOKUP(Tabla3[[#This Row],[PATENTE]],'OCTUBRE 2025'!$A:$D,4,0) -> 39.311452 | V21: =AVERAGE(D21:U21) -> 37.51457
B22: PCK145 | C22: MB 1634 | D22: =VLOOKUP(Tabla3[[#This Row],[PATENTE]],'MAYO 2024'!$A:$D,4,0) -> 39.360983 | E22: =VLOOKUP(Tabla3[[#This Row],[PATENTE]],'JUNIO 2024'!$A:$D,4,0) -> 39.049645 | F22: =VLOOKUP(Tabla3[[#This Row],[PATENTE]],'JULIO 2024'!$A:$D,4,0) -> 39.711117 | G22: =VLOOKUP(Tabla3[[#This Row],[PATENTE]],'AGOSTO 2024'!$A:$D,4,0) -> 39.447008 | H22: =VLOOKUP(Tabla3[[#This Row],[PATENTE]],'SEPTIEMBRE 2024'!$A:$D,4,0) -> 40.292111 | I22: =VLOOKUP(Tabla3[[#This Row],[PATENTE]],'OCTUBRE 2024'!$A:$D,4,0) -> 39.363455 | J22: =VLOOKUP(Tabla3[[#This Row],[PATENTE]],'NOVIEMBRE 2024'!$A:$D,4,0) -> 39.774622 | K22: =VLOOKUP(Tabla3[[#This Row],[PATENTE]],'DICIEMBRE 2024'!$A:$D,4,0) -> 40.615872 | L22: =VLOOKUP(Tabla3[[#This Row],[PATENTE]],'ENERO 2025'!$A:$D,4,0) -> 38.146603 | M22: =VLOOKUP(Tabla3[[#This Row],[PATENTE]],'FEBRERO 2025'!$A:$D,4,0) -> 37.397366 | N22: =VLOOKUP(Tabla3[[#This Row],[PATENTE]],'MARZO 2025'!$A:$D,4,0) -> 38.765412 | O22: =VLOOKUP(Tabla3[[#This Row],[PATENTE]],'ABRIL 2025'!$A:$D,4,0) -> 35.798001 | P22: =VLOOKUP(Tabla3[[#This Row],[PATENTE]],'MAYO 2025'!$A:$D,4,0) -> 36.139777 | Q22: =VLOOKUP(Tabla3[[#This Row],[PATENTE]],'JUNIO 2025'!$A:$D,4,0) -> 39.099972 | R22: =VLOOKUP(Tabla3[[#This Row],[PATENTE]],'JULIO 2025'!$A:$D,4,0) -> 38.979868 | S22: =VLOOKUP(Tabla3[[#This Row],[PATENTE]],'AGOSTO 2025'!$A:$D,4,0) -> 38.264719 | T22: =VLOOKUP(Tabla3[[#This Row],[PATENTE]],'SEPTIEMBRE 2025'!$A:$D,4,0) -> 38.985543 | U22: =VLOOKUP(Tabla3[[#This Row],[PATENTE]],'OCTUBRE 2025'!$A:$D,4,0) -> 40.532414 | V22: =AVERAGE(D22:U22) -> 38.873583
B23: OFU770 | C23: MB 1634 | D23: =VLOOKUP(Tabla3[[#This Row],[PATENTE]],'MAYO 2024'!$A:$D,4,0) -> 39.078226 | E23: =VLOOKUP(Tabla3[[#This Row],[PATENTE]],'JUNIO 2024'!$A:$D,4,0) -> 33.975241 | F23: =VLOOKUP(Tabla3[[#This Row],[PATENTE]],'JULIO 2024'!$A:$D,4,0) -> 38.798644 | G23: =VLOOKUP(Tabla3[[#This Row],[PATENTE]],'AGOSTO 2024'!$A:$D,4,0) -> 39.319299 | H23: =VLOOKUP(Tabla3[[#This Row],[PATENTE]],'SEPTIEMBRE 2024'!$A:$D,4,0) -> 36.961409 | I23: =VLOOKUP(Tabla3[[#This Row],[PATENTE]],'OCTUBRE 2024'!$A:$D,4,0) -> 37.134284 | J23: =VLOOKUP(Tabla3[[#This Row],[PATENTE]],'NOVIEMBRE 2024'!$A:$D,4,0) -> 39.688481 | K23: =VLOOKUP(Tabla3[[#This Row],[PATENTE]],'DICIEMBRE 2024'!$A:$D,4,0) -> 37.782721 | L23: =VLOOKUP(Tabla3[[#This Row],[PATENTE]],'ENERO 2025'!$A:$D,4,0) -> 38.39507 | M23: =VLOOKUP(Tabla3[[#This Row],[PATENTE]],'FEBRERO 2025'!$A:$D,4,0) -> 37.354203 | N23: =VLOOKUP(Tabla3[[#This Row],[PATENTE]],'MARZO 2025'!$A:$D,4,0) -> 38.04993 | O23: =VLOOKUP(Tabla3[[#This Row],[PATENTE]],'ABRIL 2025'!$A:$D,4,0) -> 36.657278 | P23: =VLOOKUP(Tabla3[[#This Row],[PATENTE]],'MAYO 2025'!$A:$D,4,0) -> 36.405987 | Q23: =VLOOKUP(Tabla3[[#This Row],[PATENTE]],'JUNIO 2025'!$A:$D,4,0) -> 37.244063 | R23: =VLOOKUP(Tabla3[[#This Row],[PATENTE]],'JULIO 2025'!$A:$D,4,0) -> 38.345073 | S23: =VLOOKUP(Tabla3[[#This Row],[PATENTE]],'AGOSTO 2025'!$A:$D,4,0) -> 37.897797 | T23: =VLOOKUP(Tabla3[[#This Row],[PATENTE]],'SEPTIEMBRE 2025'!$A:$D,4,0) -> 37.339127 | V23: =AVERAGE(D23:U23) -> 37.672167
B24: OUS051 | C24: MB 1634 | D24: =VLOOKUP(Tabla3[[#This Row],[PATENTE]],'MAYO 2024'!$A:$D,4,0) -> 39.395827 | E24: =VLOOKUP(Tabla3[[#This Row],[PATENTE]],'JUNIO 2024'!$A:$D,4,0) -> 37.984607 | F24: =VLOOKUP(Tabla3[[#This Row],[PATENTE]],'JULIO 2024'!$A:$D,4,0) -> 39.21594 | G24: =VLOOKUP(Tabla3[[#This Row],[PATENTE]],'AGOSTO 2024'!$A:$D,4,0) -> 39.045574 | H24: =VLOOKUP(Tabla3[[#This Row],[PATENTE]],'SEPTIEMBRE 2024'!$A:$D,4,0) -> 37.964592 | I24: =VLOOKUP(Tabla3[[#This Row],[PATENTE]],'OCTUBRE 2024'!$A:$D,4,0) -> 36.917693 | J24: =VLOOKUP(Tabla3[[#This Row],[PATENTE]],'NOVIEMBRE 2024'!$A:$D,4,0) -> 38.588279 | K24: =VLOOKUP(Tabla3[[#This Row],[PATENTE]],'DICIEMBRE 2024'!$A:$D,4,0) -> 37.478937 | L24: =VLOOKUP(Tabla3[[#This Row],[PATENTE]],'ENERO 2025'!$A:$D,4,0) -> 35.731686 | M24: =VLOOKUP(Tabla3[[#This Row],[PATENTE]],'FEBRERO 2025'!$A:$D,4,0) -> 37.774445 | N24: =VLOOKUP(Tabla3[[#This Row],[PATENTE]],'MARZO 2025'!$A:$D,4,0) -> 38.43752 | O24: =VLOOKUP(Tabla3[[#This Row],[PATENTE]],'ABRIL 2025'!$A:$D,4,0) -> 37.912101 | P24: =VLOOKUP(Tabla3[[#This Row],[PATENTE]],'MAYO 2025'!$A:$D,4,0) -> 38.684021 | Q24: =VLOOKUP(Tabla3[[#This Row],[PATENTE]],'JUNIO 2025'!$A:$D,4,0) -> 36.686876 | R24: =VLOOKUP(Tabla3[[#This Row],[PATENTE]],'JULIO 2025'!$A:$D,4,0) -> 37.013905 | S24: =VLOOKUP(Tabla3[[#This Row],[PATENTE]],'AGOSTO 2025'!$A:$D,4,0) -> 38.725806 | T24: =VLOOKUP(Tabla3[[#This Row],[PATENTE]],'SEPTIEMBRE 2025'!$A:$D,4,0) -> 36.652442 | U24: =VLOOKUP(Tabla3[[#This Row],[PATENTE]],'OCTUBRE 2025'!$A:$D,4,0) -> 39.421501 | V24: =AVERAGE(D24:U24) -> 37.979542
B25: NZB192 | C25: MB 1634 | D25: =VLOOKUP(Tabla3[[#This Row],[PATENTE]],'MAYO 2024'!$A:$D,4,0) -> 40.618023 | E25: =VLOOKUP(Tabla3[[#This Row],[PATENTE]],'JUNIO 2024'!$A:$D,4,0) -> 39.343104 | F25: =VLOOKUP(Tabla3[[#This Row],[PATENTE]],'JULIO 2024'!$A:$D,4,0) -> 39.913798 | G25: =VLOOKUP(Tabla3[[#This Row],[PATENTE]],'AGOSTO 2024'!$A:$D,4,0) -> 41.65994 | H25: =VLOOKUP(Tabla3[[#This Row],[PATENTE]],'SEPTIEMBRE 2024'!$A:$D,4,0) -> 41.565996 | I25: =VLOOKUP(Tabla3[[#This Row],[PATENTE]],'OCTUBRE 2024'!$A:$D,4,0) -> 39.188192 | J25: =VLOOKUP(Tabla3[[#This Row],[PATENTE]],'NOVIEMBRE 2024'!$A:$D,4,0) -> 38.267717 | K25: =VLOOKUP(Tabla3[[#This Row],[PATENTE]],'DICIEMBRE 2024'!$A:$D,4,0) -> 38.549335 | L25: =VLOOKUP(Tabla3[[#This Row],[PATENTE]],'ENERO 2025'!$A:$D,4,0) -> 37.57368 | M25: =VLOOKUP(Tabla3[[#This Row],[PATENTE]],'FEBRERO 2025'!$A:$D,4,0) -> 38.727524 | N25: =VLOOKUP(Tabla3[[#This Row],[PATENTE]],'MARZO 2025'!$A:$D,4,0) -> 36.678937 | O25: =VLOOKUP(Tabla3[[#This Row],[PATENTE]],'ABRIL 2025'!$A:$D,4,0) -> 36.088777 | P25: =VLOOKUP(Tabla3[[#This Row],[PATENTE]],'MAYO 2025'!$A:$D,4,0) -> 35.622142 | Q25: =VLOOKUP(Tabla3[[#This Row],[PATENTE]],'JUNIO 2025'!$A:$D,4,0) -> 37.193118 | R25: =VLOOKUP(Tabla3[[#This Row],[PATENTE]],'JULIO 2025'!$A:$D,4,0) -> 38.05756 | S25: =VLOOKUP(Tabla3[[#This Row],[PATENTE]],'AGOSTO 2025'!$A:$D,4,0) -> 37.745317 | T25: =VLOOKUP(Tabla3[[#This Row],[PATENTE]],'SEPTIEMBRE 2025'!$A:$D,4,0) -> 39.376735 | U25: =VLOOKUP(Tabla3[[#This Row],[PATENTE]],'OCTUBRE 2025'!$A:$D,4,0) -> 38.738998 | V25: =AVERAGE(D25:U25) -> 38.60605
B26: NZB193 | C26: MB 1634 | D26: =VLOOKUP(Tabla3[[#This Row],[PATENTE]],'MAYO 2024'!$A:$D,4,0) -> 39.398123 | E26: =VLOOKUP(Tabla3[[#This Row],[PATENTE]],'JUNIO 2024'!$A:$D,4,0) -> 40.232819 | F26: =VLOOKUP(Tabla3[[#This Row],[PATENTE]],'JULIO 2024'!$A:$D,4,0) -> 40.369903 | G26: =VLOOKUP(Tabla3[[#This Row],[PATENTE]],'AGOSTO 2024'!$A:$D,4,0) -> 38.958009 | H26: =VLOOKUP(Tabla3[[#This Row],[PATENTE]],'SEPTIEMBRE 2024'!$A:$D,4,0) -> 36.333876 | I26: =VLOOKUP(Tabla3[[#This Row],[PATENTE]],'OCTUBRE 2024'!$A:$D,4,0) -> 39.188192 | J26: =VLOOKUP(Tabla3[[#This Row],[PATENTE]],'NOVIEMBRE 2024'!$A:$D,4,0) -> 41.01069 | K26: =VLOOKUP(Tabla3[[#This Row],[PATENTE]],'DICIEMBRE 2024'!$A:$D,4,0) -> 43.099419 | L26: =VLOOKUP(Tabla3[[#This Row],[PATENTE]],'ENERO 2025'!$A:$D,4,0) -> 40.640546 | M26: =VLOOKUP(Tabla3[[#This Row],[PATENTE]],'FEBRERO 2025'!$A:$D,4,0) -> 39.940128 | N26: =VLOOKUP(Tabla3[[#This Row],[PATENTE]],'MARZO 2025'!$A:$D,4,0) -> 38.737367 | O26: =VLOOKUP(Tabla3[[#This Row],[PATENTE]],'ABRIL 2025'!$A:$D,4,0) -> 38.900251 | P26: =VLOOKUP(Tabla3[[#This Row],[PATENTE]],'MAYO 2025'!$A:$D,4,0) -> 38.67466 | Q26: =VLOOKUP(Tabla3[[#This Row],[PATENTE]],'JUNIO 2025'!$A:$D,4,0) -> 39.254576 | R26: =VLOOKUP(Tabla3[[#This Row],[PATENTE]],'JULIO 2025'!$A:$D,4,0) -> 39.843494 | S26: =VLOOKUP(Tabla3[[#This Row],[PATENTE]],'AGOSTO 2025'!$A:$D,4,0) -> 39.982913 | T26: =VLOOKUP(Tabla3[[#This Row],[PATENTE]],'SEPTIEMBRE 2025'!$A:$D,4,0) -> 39.241667 | U26: =VLOOKUP(Tabla3[[#This Row],[PATENTE]],'OCTUBRE 2025'!$A:$D,4,0) -> 39.560377 | V26: =AVERAGE(D26:U26) -> 39.6315
B27: PNH467 | C27: MB 1634 | D27: =VLOOKUP(Tabla3[[#This Row],[PATENTE]],'MAYO 2024'!$A:$D,4,0) -> 40.662675 | E27: =VLOOKUP(Tabla3[[#This Row],[PATENTE]],'JUNIO 2024'!$A:$D,4,0) -> 38.225299 | F27: =VLOOKUP(Tabla3[[#This Row],[PATENTE]],'JULIO 2024'!$A:$D,4,0) -> 38.118951 | G27: =VLOOKUP(Tabla3[[#This Row],[PATENTE]],'AGOSTO 2024'!$A:$D,4,0) -> 41.182464 | H27: =VLOOKUP(Tabla3[[#This Row],[PATENTE]],'SEPTIEMBRE 2024'!$A:$D,4,0) -> 39.070655 | I27: =VLOOKUP(Tabla3[[#This Row],[PATENTE]],'OCTUBRE 2024'!$A:$D,4,0) -> 36.337163 | J27: =VLOOKUP(Tabla3[[#This Row],[PATENTE]],'NOVIEMBRE 2024'!$A:$D,4,0) -> 38.897338 | K27: =VLOOKUP(Tabla3[[#This Row],[PATENTE]],'DICIEMBRE 2024'!$A:$D,4,0) -> 37.216949 | L27: =VLOOKUP(Tabla3[[#This Row],[PATENTE]],'ENERO 2025'!$A:$D,4,0) -> 38.129489 | M27: =VLOOKUP(Tabla3[[#This Row],[PATENTE]],'FEBRERO 2025'!$A:$D,4,0) -> 36.669302 | N27: =VLOOKUP(Tabla3[[#This Row],[PATENTE]],'MARZO 2025'!$A:$D,4,0) -> 36.994213 | O27: =VLOOKUP(Tabla3[[#This Row],[PATENTE]],'ABRIL 2025'!$A:$D,4,0) -> 37.09929 | P27: =VLOOKUP(Tabla3[[#This Row],[PATENTE]],'MAYO 2025'!$A:$D,4,0) -> 35.764826 | Q27: =VLOOKUP(Tabla3[[#This Row],[PATENTE]],'JUNIO 2025'!$A:$D,4,0) -> 35.071341 | R27: =VLOOKUP(Tabla3[[#This Row],[PATENTE]],'JULIO 2025'!$A:$D,4,0) -> 37.890998 | S27: =VLOOKUP(Tabla3[[#This Row],[PATENTE]],'AGOSTO 2025'!$A:$D,4,0) -> 36.349682 | T27: =VLOOKUP(Tabla3[[#This Row],[PATENTE]],'SEPTIEMBRE 2025'!$A:$D,4,0) -> 36.869715 | U27: =VLOOKUP(Tabla3[[#This Row],[PATENTE]],'OCTUBRE 2025'!$A:$D,4,0) -> 35.471267 | V27: =AVERAGE(D27:U27) -> 37.556757
B28: NVX521 | C28: MB 1634 | D28: =VLOOKUP(Tabla3[[#This Row],[PATENTE]],'MAYO 2024'!$A:$D,4,0) -> 38.843641 | E28: =VLOOKUP(Tabla3[[#This Row],[PATENTE]],'JUNIO 2024'!$A:$D,4,0) -> 38.004453 | F28: =VLOOKUP(Tabla3[[#This Row],[PATENTE]],'JULIO 2024'!$A:$D,4,0) -> 39.268666 | G28: =VLOOKUP(Tabla3[[#This Row],[PATENTE]],'AGOSTO 2024'!$A:$D,4,0) -> 39.855029 | H28: =VLOOKUP(Tabla3[[#This Row],[PATENTE]],'SEPTIEMBRE 2024'!$A:$D,4,0) -> 38.105418 | I28: =VLOOKUP(Tabla3[[#This Row],[PATENTE]],'OCTUBRE 2024'!$A:$D,4,0) -> 37.750403 | J28: =VLOOKUP(Tabla3[[#This Row],[PATENTE]],'NOVIEMBRE 2024'!$A:$D,4,0) -> 38.515918 | K28: =VLOOKUP(Tabla3[[#This Row],[PATENTE]],'DICIEMBRE 2024'!$A:$D,4,0) -> 37.859167 | L28: =VLOOKUP(Tabla3[[#This Row],[PATENTE]],'ENERO 2025'!$A:$D,4,0) -> 38.054488 | M28: =VLOOKUP(Tabla3[[#This Row],[PATENTE]],'FEBRERO 2025'!$A:$D,4,0) -> 37.297261 | N28: =VLOOKUP(Tabla3[[#This Row],[PATENTE]],'MARZO 2025'!$A:$D,4,0) -> 36.384708 | O28: =VLOOKUP(Tabla3[[#This Row],[PATENTE]],'ABRIL 2025'!$A:$D,4,0) -> 35.200626 | P28: =VLOOKUP(Tabla3[[#This Row],[PATENTE]],'MAYO 2025'!$A:$D,4,0) -> 35.69389 | Q28: =VLOOKUP(Tabla3[[#This Row],[PATENTE]],'JUNIO 2025'!$A:$D,4,0) -> 36.55418 | R28: =VLOOKUP(Tabla3[[#This Row],[PATENTE]],'JULIO 2025'!$A:$D,4,0) -> 37.309629 | S28: =VLOOKUP(Tabla3[[#This Row],[PATENTE]],'AGOSTO 2025'!$A:$D,4,0) -> 36.325508 | T28: =VLOOKUP(Tabla3[[#This Row],[PATENTE]],'SEPTIEMBRE 2025'!$A:$D,4,0) -> 40.288388 | U28: =VLOOKUP(Tabla3[[#This Row],[PATENTE]],'OCTUBRE 2025'!$A:$D,4,0) -> 37.600269 | V28: =AVERAGE(D28:U28) -> 37.717313
B29: OYD518 | C29: MB 1634 | D29: =VLOOKUP(Tabla3[[#This Row],[PATENTE]],'MAYO 2024'!$A:$D,4,0) -> 39.895908 | E29: =VLOOKUP(Tabla3[[#This Row],[PATENTE]],'JUNIO 2024'!$A:$D,4,0) -> 36.573714 | F29: =VLOOKUP(Tabla3[[#This Row],[PATENTE]],'JULIO 2024'!$A:$D,4,0) -> 37.339924 | G29: =VLOOKUP(Tabla3[[#This Row],[PATENTE]],'AGOSTO 2024'!$A:$D,4,0) -> 40.041852 | H29: =VLOOKUP(Tabla3[[#This Row],[PATENTE]],'SEPTIEMBRE 2024'!$A:$D,4,0) -> 37.934983 | I29: =VLOOKUP(Tabla3[[#This Row],[PATENTE]],'OCTUBRE 2024'!$A:$D,4,0) -> 37.357955 | J29: =VLOOKUP(Tabla3[[#This Row],[PATENTE]],'NOVIEMBRE 2024'!$A:$D,4,0) -> 37.219609 | K29: =VLOOKUP(Tabla3[[#This Row],[PATENTE]],'DICIEMBRE 2024'!$A:$D,4,0) -> 36.749396 | L29: =VLOOKUP(Tabla3[[#This Row],[PATENTE]],'ENERO 2025'!$A:$D,4,0) -> 37.123196 | M29: =VLOOKUP(Tabla3[[#This Row],[PATENTE]],'FEBRERO 2025'!$A:$D,4,0) -> 36.787552 | N29: =VLOOKUP(Tabla3[[#This Row],[PATENTE]],'MARZO 2025'!$A:$D,4,0) -> 38.055408 | O29: =VLOOKUP(Tabla3[[#This Row],[PATENTE]],'ABRIL 2025'!$A:$D,4,0) -> 36.53867 | P29: =VLOOKUP(Tabla3[[#This Row],[PATENTE]],'MAYO 2025'!$A:$D,4,0) -> 36.542328 | Q29: =VLOOKUP(Tabla3[[#This Row],[PATENTE]],'JUNIO 2025'!$A:$D,4,0) -> 37.197385 | R29: =VLOOKUP(Tabla3[[#This Row],[PATENTE]],'JULIO 2025'!$A:$D,4,0) -> 36.606848 | S29: =VLOOKUP(Tabla3[[#This Row],[PATENTE]],'AGOSTO 2025'!$A:$D,4,0) -> 35.018704 | T29: =VLOOKUP(Tabla3[[#This Row],[PATENTE]],'SEPTIEMBRE 2025'!$A:$D,4,0) -> 36.120285 | U29: =VLOOKUP(Tabla3[[#This Row],[PATENTE]],'OCTUBRE 2025'!$A:$D,4,0) -> 37.208413 | V29: =AVERAGE(D29:U29) -> 37.239563
B30: OYE471 | C30: MB 1634 | D30: =VLOOKUP(Tabla3[[#This Row],[PATENTE]],'MAYO 2024'!$A:$D,4,0) -> 38.52716 | E30: =VLOOKUP(Tabla3[[#This Row],[PATENTE]],'JUNIO 2024'!$A:$D,4,0) -> 38.600663 | F30: =VLOOKUP(Tabla3[[#This Row],[PATENTE]],'JULIO 2024'!$A:$D,4,0) -> 40.479972 | V30: =AVERAGE(D30:U30) -> 39.202598
B31: PNH473 | C31: MB 1634 | D31: =VLOOKUP(Tabla3[[#This Row],[PATENTE]],'MAYO 2024'!$A:$D,4,0) -> 37.726058 | E31: =VLOOKUP(Tabla3[[#This Row],[PATENTE]],'JUNIO 2024'!$A:$D,4,0) -> 36.684893 | F31: =VLOOKUP(Tabla3[[#This Row],[PATENTE]],'JULIO 2024'!$A:$D,4,0) -> 37.329307 | G31: =VLOOKUP(Tabla3[[#This Row],[PATENTE]],'AGOSTO 2024'!$A:$D,4,0) -> 37.990337 | H31: =VLOOKUP(Tabla3[[#This Row],[PATENTE]],'SEPTIEMBRE 2024'!$A:$D,4,0) -> 36.99713 | I31: =VLOOKUP(Tabla3[[#This Row],[PATENTE]],'OCTUBRE 2024'!$A:$D,4,0) -> 39.016681 | J31: =VLOOKUP(Tabla3[[#This Row],[PATENTE]],'NOVIEMBRE 2024'!$A:$D,4,0) -> 37.866137 | K31: =VLOOKUP(Tabla3[[#This Row],[PATENTE]],'DICIEMBRE 2024'!$A:$D,4,0) -> 36.261443 | L31: =VLOOKUP(Tabla3[[#This Row],[PATENTE]],'ENERO 2025'!$A:$D,4,0) -> 37.685979 | M31: =VLOOKUP(Tabla3[[#This Row],[PATENTE]],'FEBRERO 2025'!$A:$D,4,0) -> 37.366077 | N31: =VLOOKUP(Tabla3[[#This Row],[PATENTE]],'MARZO 2025'!$A:$D,4,0) -> 37.833629 | O31: =VLOOKUP(Tabla3[[#This Row],[PATENTE]],'ABRIL 2025'!$A:$D,4,0) -> 39.992439 | P31: =VLOOKUP(Tabla3[[#This Row],[PATENTE]],'MAYO 2025'!$A:$D,4,0) -> 36.186367 | Q31: =VLOOKUP(Tabla3[[#This Row],[PATENTE]],'JUNIO 2025'!$A:$D,4,0) -> 36.481976 | R31: =VLOOKUP(Tabla3[[#This Row],[PATENTE]],'JULIO 2025'!$A:$D,4,0) -> 36.57889 | S31: =VLOOKUP(Tabla3[[#This Row],[PATENTE]],'AGOSTO 2025'!$A:$D,4,0) -> 36.652566 | T31: =VLOOKUP(Tabla3[[#This Row],[PATENTE]],'SEPTIEMBRE 2025'!$A:$D,4,0) -> 38.08304 | U31: =VLOOKUP(Tabla3[[#This Row],[PATENTE]],'OCTUBRE 2025'!$A:$D,4,0) -> 38.316695 | V31: =AVERAGE(D31:U31) -> 37.502758
B32: OWG332 | C32: MB 1634 | D32: =VLOOKUP(Tabla3[[#This Row],[PATENTE]],'MAYO 2024'!$A:$D,4,0) -> 38.991504 | E32: =VLOOKUP(Tabla3[[#This Row],[PATENTE]],'JUNIO 2024'!$A:$D,4,0) -> 39.288322 | F32: =VLOOKUP(Tabla3[[#This Row],[PATENTE]],'JULIO 2024'!$A:$D,4,0) -> 39.662795 | G32: =VLOOKUP(Tabla3[[#This Row],[PATENTE]],'AGOSTO 2024'!$A:$D,4,0) -> 40.084428 | H32: =VLOOKUP(Tabla3[[#This Row],[PATENTE]],'SEPTIEMBRE 2024'!$A:$D,4,0) -> 39.657166 | I32: =VLOOKUP(Tabla3[[#This Row],[PATENTE]],'OCTUBRE 2024'!$A:$D,4,0) -> 40.052987 | J32: =VLOOKUP(Tabla3[[#This Row],[PATENTE]],'NOVIEMBRE 2024'!$A:$D,4,0) -> 39.610151 | K32: =VLOOKUP(Tabla3[[#This Row],[PATENTE]],'DICIEMBRE 2024'!$A:$D,4,0) -> 40.561894 | L32: =VLOOKUP(Tabla3[[#This Row],[PATENTE]],'ENERO 2025'!$A:$D,4,0) -> 39.629759 | M32: =VLOOKUP(Tabla3[[#This Row],[PATENTE]],'FEBRERO 2025'!$A:$D,4,0) -> 40.435028 | N32: =VLOOKUP(Tabla3[[#This Row],[PATENTE]],'MARZO 2025'!$A:$D,4,0) -> 41.057228 | O32: =VLOOKUP(Tabla3[[#This Row],[PATENTE]],'ABRIL 2025'!$A:$D,4,0) -> 39.50598 | P32: =VLOOKUP(Tabla3[[#This Row],[PATENTE]],'MAYO 2025'!$A:$D,4,0) -> 39.638048 | Q32: =VLOOKUP(Tabla3[[#This Row],[PATENTE]],'JUNIO 2025'!$A:$D,4,0) -> 39.315817 | R32: =VLOOKUP(Tabla3[[#This Row],[PATENTE]],'JULIO 2025'!$A:$D,4,0) -> 39.130525 | S32: =VLOOKUP(Tabla3[[#This Row],[PATENTE]],'AGOSTO 2025'!$A:$D,4,0) -> 39.357149 | T32: =VLOOKUP(Tabla3[[#This Row],[PATENTE]],'SEPTIEMBRE 2025'!$A:$D,4,0) -> 37.854587 | U32: =VLOOKUP(Tabla3[[#This Row],[PATENTE]],'OCTUBRE 2025'!$A:$D,4,0) -> 39.607102 | V32: =AVERAGE(D32:U32) -> 39.635582
B33: OCR981 | C33: MB 1634 (CH) | D33: =VLOOKUP(Tabla3[[#This Row],[PATENTE]],'MAYO 2024'!$A:$D,4,0) -> 37.02064 | E33: =VLOOKUP(Tabla3[[#This Row],[PATENTE]],'JUNIO 2024'!$A:$D,4,0) -> 37.350241 | F33: =VLOOKUP(Tabla3[[#This Row],[PATENTE]],'JULIO 2024'!$A:$D,4,0) -> 39.043752 | G33: =VLOOKUP(Tabla3[[#This Row],[PATENTE]],'AGOSTO 2024'!$A:$D,4,0) -> 38.276919 | H33: =VLOOKUP(Tabla3[[#This Row],[PATENTE]],'SEPTIEMBRE 2024'!$A:$D,4,0) -> 39.825711 | I33: =VLOOKUP(Tabla3[[#This Row],[PATENTE]],'OCTUBRE 2024'!$A:$D,4,0) -> 39.696329 | J33: =VLOOKUP(Tabla3[[#This Row],[PATENTE]],'NOVIEMBRE 2024'!$A:$D,4,0) -> 41.285767 | K33: =VLOOKUP(Tabla3[[#This Row],[PATENTE]],'DICIEMBRE 2024'!$A:$D,4,0) -> 37.455732 | L33: =VLOOKUP(Tabla3[[#This Row],[PATENTE]],'ENERO 2025'!$A:$D,4,0) -> 39.046259 | M33: =VLOOKUP(Tabla3[[#This Row],[PATENTE]],'FEBRERO 2025'!$A:$D,4,0) -> 37.598687 | N33: =VLOOKUP(Tabla3[[#This Row],[PATENTE]],'MARZO 2025'!$A:$D,4,0) -> 37.390875 | O33: =VLOOKUP(Tabla3[[#This Row],[PATENTE]],'ABRIL 2025'!$A:$D,4,0) -> 36.770549 | P33: =VLOOKUP(Tabla3[[#This Row],[PATENTE]],'MAYO 2025'!$A:$D,4,0) -> 35.67743 | Q33: =VLOOKUP(Tabla3[[#This Row],[PATENTE]],'JUNIO 2025'!$A:$D,4,0) -> 38.470045 | R33: =VLOOKUP(Tabla3[[#This Row],[PATENTE]],'JULIO 2025'!$A:$D,4,0) -> 38.439654 | S33: =VLOOKUP(Tabla3[[#This Row],[PATENTE]],'AGOSTO 2025'!$A:$D,4,0) -> 35.194511 | T33: =VLOOKUP(Tabla3[[#This Row],[PATENTE]],'SEPTIEMBRE 2025'!$A:$D,4,0) -> 35.734808 | U33: =VLOOKUP(Tabla3[[#This Row],[PATENTE]],'OCTUBRE 2025'!$A:$D,4,0) -> 35.938681 | V33: =AVERAGE(D33:U33) -> 37.789811
B34: OIA800 | C34: MB 1634 (CH) | D34: =VLOOKUP(Tabla3[[#This Row],[PATENTE]],'MAYO 2024'!$A:$D,4,0) -> 42.686203 | E34: =VLOOKUP(Tabla3[[#This Row],[PATENTE]],'JUNIO 2024'!$A:$D,4,0) -> 38.398046 | F34: =VLOOKUP(Tabla3[[#This Row],[PATENTE]],'JULIO 2024'!$A:$D,4,0) -> 38.816449 | G34: =VLOOKUP(Tabla3[[#This Row],[PATENTE]],'AGOSTO 2024'!$A:$D,4,0) -> 41.409653 | H34: =VLOOKUP(Tabla3[[#This Row],[PATENTE]],'SEPTIEMBRE 2024'!$A:$D,4,0) -> 39.990649 | I34: =VLOOKUP(Tabla3[[#This Row],[PATENTE]],'OCTUBRE 2024'!$A:$D,4,0) -> 35.967166 | J34: =VLOOKUP(Tabla3[[#This Row],[PATENTE]],'NOVIEMBRE 2024'!$A:$D,4,0) -> 36.678458 | K34: =VLOOKUP(Tabla3[[#This Row],[PATENTE]],'DICIEMBRE 2024'!$A:$D,4,0) -> 40.631343 | L34: =VLOOKUP(Tabla3[[#This Row],[PATENTE]],'ENERO 2025'!$A:$D,4,0) -> 38.921616 | M34: =VLOOKUP(Tabla3[[#This Row],[PATENTE]],'FEBRERO 2025'!$A:$D,4,0) -> 39.079448 | N34: =VLOOKUP(Tabla3[[#This Row],[PATENTE]],'MARZO 2025'!$A:$D,4,0) -> 37.725922 | O34: =VLOOKUP(Tabla3[[#This Row],[PATENTE]],'ABRIL 2025'!$A:$D,4,0) -> 38.087919 | P34: =VLOOKUP(Tabla3[[#This Row],[PATENTE]],'MAYO 2025'!$A:$D,4,0) -> 38.772755 | Q34: =VLOOKUP(Tabla3[[#This Row],[PATENTE]],'JUNIO 2025'!$A:$D,4,0) -> 40.569348 | R34: =VLOOKUP(Tabla3[[#This Row],[PATENTE]],'JULIO 2025'!$A:$D,4,0) -> 37.558786 | S34: =VLOOKUP(Tabla3[[#This Row],[PATENTE]],'AGOSTO 2025'!$A:$D,4,0) -> 38.77608 | T34: =VLOOKUP(Tabla3[[#This Row],[PATENTE]],'SEPTIEMBRE 2025'!$A:$D,4,0) -> 39.220234 | U34: =VLOOKUP(Tabla3[[#This Row],[PATENTE]],'OCTUBRE 2025'!$A:$D,4,0) -> 36.415841 | V34: =AVERAGE(D34:U34) -> 38.872551
B35: PCK155 | C35: MB 1634 (CH) | D35: =VLOOKUP(Tabla3[[#This Row],[PATENTE]],'MAYO 2024'!$A:$D,4,0) -> 37.81075 | E35: =VLOOKUP(Tabla3[[#This Row],[PATENTE]],'JUNIO 2024'!$A:$D,4,0) -> 36.978512 | F35: =VLOOKUP(Tabla3[[#This Row],[PATENTE]],'JULIO 2024'!$A:$D,4,0) -> 38.093295 | G35: =VLOOKUP(Tabla3[[#This Row],[PATENTE]],'AGOSTO 2024'!$A:$D,4,0) -> 38.049413 | H35: =VLOOKUP(Tabla3[[#This Row],[PATENTE]],'SEPTIEMBRE 2024'!$A:$D,4,0) -> 39.274174 | I35: =VLOOKUP(Tabla3[[#This Row],[PATENTE]],'OCTUBRE 2024'!$A:$D,4,0) -> 40.836299 | J35: =VLOOKUP(Tabla3[[#This Row],[PATENTE]],'NOVIEMBRE 2024'!$A:$D,4,0) -> 37.349076 | K35: =VLOOKUP(Tabla3[[#This Row],[PATENTE]],'DICIEMBRE 2024'!$A:$D,4,0) -> 38.492214 | L35: =VLOOKUP(Tabla3[[#This Row],[PATENTE]],'ENERO 2025'!$A:$D,4,0) -> 34.766547 | M35: =VLOOKUP(Tabla3[[#This Row],[PATENTE]],'FEBRERO 2025'!$A:$D,4,0) -> 35.720461 | N35: =VLOOKUP(Tabla3[[#This Row],[PATENTE]],'MARZO 2025'!$A:$D,4,0) -> 36.816178 | O35: =VLOOKUP(Tabla3[[#This Row],[PATENTE]],'ABRIL 2025'!$A:$D,4,0) -> 36.167369 | P35: =VLOOKUP(Tabla3[[#This Row],[PATENTE]],'MAYO 2025'!$A:$D,4,0) -> 35.905221 | Q35: =VLOOKUP(Tabla3[[#This Row],[PATENTE]],'JUNIO 2025'!$A:$D,4,0) -> 34.895955 | R35: =VLOOKUP(Tabla3[[#This Row],[PATENTE]],'JULIO 2025'!$A:$D,4,0) -> 37.221281 | S35: =VLOOKUP(Tabla3[[#This Row],[PATENTE]],'AGOSTO 2025'!$A:$D,4,0) -> 37.104793 | T35: =VLOOKUP(Tabla3[[#This Row],[PATENTE]],'SEPTIEMBRE 2025'!$A:$D,4,0) -> 37.398364 | U35: =VLOOKUP(Tabla3[[#This Row],[PATENTE]],'OCTUBRE 2025'!$A:$D,4,0) -> 36.957686 | V35: =AVERAGE(D35:U35) -> 37.213199
B36: PCK169 | C36: MB 1634 (CH) | D36: =VLOOKUP(Tabla3[[#This Row],[PATENTE]],'MAYO 2024'!$A:$D,4,0) -> 42.937482 | E36: =VLOOKUP(Tabla3[[#This Row],[PATENTE]],'JUNIO 2024'!$A:$D,4,0) -> 40.567882 | F36: =VLOOKUP(Tabla3[[#This Row],[PATENTE]],'JULIO 2024'!$A:$D,4,0) -> 40.535869 | G36: =VLOOKUP(Tabla3[[#This Row],[PATENTE]],'AGOSTO 2024'!$A:$D,4,0) -> 38.942177 | H36: =VLOOKUP(Tabla3[[#This Row],[PATENTE]],'SEPTIEMBRE 2024'!$A:$D,4,0) -> 37.449114 | I36: =VLOOKUP(Tabla3[[#This Row],[PATENTE]],'OCTUBRE 2024'!$A:$D,4,0) -> 36.051445 | J36: =VLOOKUP(Tabla3[[#This Row],[PATENTE]],'NOVIEMBRE 2024'!$A:$D,4,0) -> 36.570722 | K36: =VLOOKUP(Tabla3[[#This Row],[PATENTE]],'DICIEMBRE 2024'!$A:$D,4,0) -> 37.015993 | L36: =VLOOKUP(Tabla3[[#This Row],[PATENTE]],'ENERO 2025'!$A:$D,4,0) -> 36.15643 | M36: =VLOOKUP(Tabla3[[#This Row],[PATENTE]],'FEBRERO 2025'!$A:$D,4,0) -> 35.927276 | N36: =VLOOKUP(Tabla3[[#This Row],[PATENTE]],'MARZO 2025'!$A:$D,4,0) -> 35.175302 | O36: =VLOOKUP(Tabla3[[#This Row],[PATENTE]],'ABRIL 2025'!$A:$D,4,0) -> 34.128002 | P36: =VLOOKUP(Tabla3[[#This Row],[PATENTE]],'MAYO 2025'!$A:$D,4,0) -> 37.750058 | Q36: =VLOOKUP(Tabla3[[#This Row],[PATENTE]],'JUNIO 2025'!$A:$D,4,0) -> 34.999556 | R36: =VLOOKUP(Tabla3[[#This Row],[PATENTE]],'JULIO 2025'!$A:$D,4,0) -> 35.82998 | S36: =VLOOKUP(Tabla3[[#This Row],[PATENTE]],'AGOSTO 2025'!$A:$D,4,0) -> 35.628844 | T36: =VLOOKUP(Tabla3[[#This Row],[PATENTE]],'SEPTIEMBRE 2025'!$A:$D,4,0) -> 36.098141 | U36: =VLOOKUP(Tabla3[[#This Row],[PATENTE]],'OCTUBRE 2025'!$A:$D,4,0) -> 31.779856 | V36: =AVERAGE(D36:U36) -> 36.863563
B37: FMO441 | C37: MB 1634 TB | F37: =VLOOKUP(Tabla3[[#This Row],[PATENTE]],'JULIO 2024'!$A:$D,4,0) -> 38.574744 | G37: =VLOOKUP(Tabla3[[#This Row],[PATENTE]],'AGOSTO 2024'!$A:$D,4,0) -> 36.933188 | H37: =VLOOKUP(Tabla3[[#This Row],[PATENTE]],'SEPTIEMBRE 2024'!$A:$D,4,0) -> 38.370662 | I37: =VLOOKUP(Tabla3[[#This Row],[PATENTE]],'OCTUBRE 2024'!$A:$D,4,0) -> 35.996571 | J37: =VLOOKUP(Tabla3[[#This Row],[PATENTE]],'NOVIEMBRE 2024'!$A:$D,4,0) -> 39.098608 | K37: =VLOOKUP(Tabla3[[#This Row],[PATENTE]],'DICIEMBRE 2024'!$A:$D,4,0) -> 37.422651
C39: Promedios | D39: =AVERAGE(D18:D37) -> 39.468358 | E39: =AVERAGE(E18:E37) -> 38.166037 | F39: =AVERAGE(F18:F37) -> 38.92286 | G39: =AVERAGE(G18:G37) -> 39.753933 | H39: =AVERAGE(H18:H37) -> 39.018612 | I39: =AVERAGE(I18:I37) -> 38.471391 | J39: =AVERAGE(J18:J37) -> 39.246351 | K39: =AVERAGE(K18:K37) -> 38.744787 | ... U39: =AVERAGE(U18:U37) -> 37.611857
A41: 36 / 37 | B41: AE305CV | C41: MB 1635 | D41: =VLOOKUP(Tabla3[[#This Row],[PATENTE]],'MAYO 2024'!$A:$D,4,0) -> 35.665685 | E41: =VLOOKUP(Tabla3[[#This Row],[PATENTE]],'JUNIO 2024'!$A:$D,4,0) -> 35.100308 | F41: =VLOOKUP(Tabla3[[#This Row],[PATENTE]],'JULIO 2024'!$A:$D,4,0) -> 35.763816 | G41: =VLOOKUP(Tabla3[[#This Row],[PATENTE]],'AGOSTO 2024'!$A:$D,4,0) -> 37.279697 | H41: =VLOOKUP(Tabla3[[#This Row],[PATENTE]],'SEPTIEMBRE 2024'!$A:$D,4,0) -> 37.382573 | I41: =VLOOKUP(Tabla3[[#This Row],[PATENTE]],'OCTUBRE 2024'!$A:$D,4,0) -> 36.163846 | J41: =VLOOKUP(Tabla3[[#This Row],[PATENTE]],'NOVIEMBRE 2024'!$A:$D,4,0) -> 37.829504 | K41: =VLOOKUP(Tabla3[[#This Row],[PATENTE]],'DICIEMBRE 2024'!$A:$D,4,0) -> 38.100087 | L41: =VLOOKUP(Tabla3[[#This Row],[PATENTE]],'ENERO 2025'!$A:$D,4,0) -> 35.602515 | M41: =VLOOKUP(Tabla3[[#This Row],[PATENTE]],'FEBRERO 2025'!$A:$D,4,0) -> 37.943218 | N41: =VLOOKUP(Tabla3[[#This Row],[PATENTE]],'MARZO 2025'!$A:$D,4,0) -> 35.278795 | O41: =VLOOKUP(Tabla3[[#This Row],[PATENTE]],'ABRIL 2025'!$A:$D,4,0) -> 35.418587 | P41: =VLOOKUP(Tabla3[[#This Row],[PATENTE]],'MAYO 2025'!$A:$D,4,0) -> 36.068579 | Q41: =VLOOKUP(Tabla3[[#This Row],[PATENTE]],'JUNIO 2025'!$A:$D,4,0) -> 37.00046 | R41: =VLOOKUP(Tabla3[[#This Row],[PATENTE]],'JULIO 2025'!$A:$D,4,0) -> 36.783058 | S41: =VLOOKUP(Tabla3[[#This Row],[PATENTE]],'AGOSTO 2025'!$A:$D,4,0) -> 36.004323 | T41: =VLOOKUP(Tabla3[[#This Row],[PATENTE]],'SEPTIEMBRE 2025'!$A:$D,4,0) -> 35.592214 | U41: =VLOOKUP(Tabla3[[#This Row],[PATENTE]],'OCTUBRE 2025'!$A:$D,4,0) -> 34.958183
B42: AE362RY | C42: MB 1635 | D42: =VLOOKUP(Tabla3[[#This Row],[PATENTE]],'MAYO 2024'!$A:$D,4,0) -> 38.89399 | E42: =VLOOKUP(Tabla3[[#This Row],[PATENTE]],'JUNIO 2024'!$A:$D,4,0) -> 37.016977 | F42: =VLOOKUP(Tabla3[[#This Row],[PATENTE]],'JULIO 2024'!$A:$D,4,0) -> 39.99586 | G42: =VLOOKUP(Tabla3[[#This Row],[PATENTE]],'AGOSTO 2024'!$A:$D,4,0) -> 38.19802 | H42: =VLOOKUP(Tabla3[[#This Row],[PATENTE]],'SEPTIEMBRE 2024'!$A:$D,4,0) -> 39.235086 | I42: =VLOOKUP(Tabla3[[#This Row],[PATENTE]],'OCTUBRE 2024'!$A:$D,4,0) -> 38.934237 | J42: =VLOOKUP(Tabla3[[#This Row],[PATENTE]],'NOVIEMBRE 2024'!$A:$D,4,0) -> 39.359119 | K42: =VLOOKUP(Tabla3[[#This Row],[PATENTE]],'DICIEMBRE 2024'!$A:$D,4,0) -> 40.230678 | L42: =VLOOKUP(Tabla3[[#This Row],[PATENTE]],'ENERO 2025'!$A:$D,4,0) -> 36.17078 | M42: =VLOOKUP(Tabla3[[#This Row],[PATENTE]],'FEBRERO 2025'!$A:$D,4,0) -> 39.453079 | N42: =VLOOKUP(Tabla3[[#This Row],[PATENTE]],'MARZO 2025'!$A:$D,4,0) -> 39.648029 | O42: =VLOOKUP(Tabla3[[#This Row],[PATENTE]],'ABRIL 2025'!$A:$D,4,0) -> 38.51771 | P42: =VLOOKUP(Tabla3[[#This Row],[PATENTE]],'MAYO 2025'!$A:$D,4,0) -> 38.778832 | Q42: =VLOOKUP(Tabla3[[#This Row],[PATENTE]],'JUNIO 2025'!$A:$D,4,0) -> 37.477001 | R42: =VLOOKUP(Tabla3[[#This Row],[PATENTE]],'JULIO 2025'!$A:$D,4,0) -> 37.744912 | S42: =VLOOKUP(Tabla3[[#This Row],[PATENTE]],'AGOSTO 2025'!$A:$D,4,0) -> 37.326649 | T42: =VLOOKUP(Tabla3[[#This Row],[PATENTE]],'SEPTIEMBRE 2025'!$A:$D,4,0) -> 38.326336 | U42: =VLOOKUP(Tabla3[[#This Row],[PATENTE]],'OCTUBRE 2025'!$A:$D,4,0) -> 36.745398 | V42: =AVERAGE(D42:U42) -> 38.447372
B43: AC576YN | C43: MB 1735 | D43: =VLOOKUP(Tabla3[[#This Row],[PATENTE]],'MAYO 2024'!$A:$D,4,0) -> 37.402086 | E43: =VLOOKUP(Tabla3[[#This Row],[PATENTE]],'JUNIO 2024'!$A:$D,4,0) -> 37.337065 | F43: =VLOOKUP(Tabla3[[#This Row],[PATENTE]],'JULIO 2024'!$A:$D,4,0) -> 39.834206 | G43: =VLOOKUP(Tabla3[[#This Row],[PATENTE]],'AGOSTO 2024'!$A:$D,4,0) -> 40.21452 | H43: =VLOOKUP(Tabla3[[#This Row],[PATENTE]],'SEPTIEMBRE 2024'!$A:$D,4,0) -> 38.458781 | I43: =VLOOKUP(Tabla3[[#This Row],[PATENTE]],'OCTUBRE 2024'!$A:$D,4,0) -> 39.608129 | J43: =VLOOKUP(Tabla3[[#This Row],[PATENTE]],'NOVIEMBRE 2024'!$A:$D,4,0) -> 40.440916 | K43: =VLOOKUP(Tabla3[[#This Row],[PATENTE]],'DICIEMBRE 2024'!$A:$D,4,0) -> 39.900523 | L43: =VLOOKUP(Tabla3[[#This Row],[PATENTE]],'ENERO 2025'!$A:$D,4,0) -> 38.298869 | M43: =VLOOKUP(Tabla3[[#This Row],[PATENTE]],'FEBRERO 2025'!$A:$D,4,0) -> 38.665566 | N43: =VLOOKUP(Tabla3[[#This Row],[PATENTE]],'MARZO 2025'!$A:$D,4,0) -> 37.749428 | O43: =VLOOKUP(Tabla3[[#This Row],[PATENTE]],'ABRIL 2025'!$A:$D,4,0) -> 35.68584 | P43: =VLOOKUP(Tabla3[[#This Row],[PATENTE]],'MAYO 2025'!$A:$D,4,0) -> 40.091223 | Q43: =VLOOKUP(Tabla3[[#This Row],[PATENTE]],'JUNIO 2025'!$A:$D,4,0) -> 36.872794 | R43: =VLOOKUP(Tabla3[[#This Row],[PATENTE]],'JULIO 2025'!$A:$D,4,0) -> 37.576005 | S43: =VLOOKUP(Tabla3[[#This Row],[PATENTE]],'AGOSTO 2025'!$A:$D,4,0) -> 37.780553 | T43: =VLOOKUP(Tabla3[[#This Row],[PATENTE]],'SEPTIEMBRE 2025'!$A:$D,4,0) -> 34.458539 | U43: =VLOOKUP(Tabla3[[#This Row],[PATENTE]],'OCTUBRE 2025'!$A:$D,4,0) -> 38.110837 | V43: =AVERAGE(D43:U43) -> 38.249216
B44: AB475TI | C44: MB 1735 | D44: =VLOOKUP(Tabla3[[#This Row],[PATENTE]],'MAYO 2024'!$A:$D,4,0) -> 37.959643 | E44: =VLOOKUP(Tabla3[[#This Row],[PATENTE]],'JUNIO 2024'!$A:$D,4,0) -> 37.219705 | F44: =VLOOKUP(Tabla3[[#This Row],[PATENTE]],'JULIO 2024'!$A:$D,4,0) -> 39.030843 | G44: =VLOOKUP(Tabla3[[#This Row],[PATENTE]],'AGOSTO 2024'!$A:$D,4,0) -> 39.43653 | H44: =VLOOKUP(Tabla3[[#This Row],[PATENTE]],'SEPTIEMBRE 2024'!$A:$D,4,0) -> 37.74022 | I44: =VLOOKUP(Tabla3[[#This Row],[PATENTE]],'OCTUBRE 2024'!$A:$D,4,0) -> 36.999656 | J44: =VLOOKUP(Tabla3[[#This Row],[PATENTE]],'NOVIEMBRE 2024'!$A:$D,4,0) -> 39.414713 | K44: =VLOOKUP(Tabla3[[#This Row],[PATENTE]],'DICIEMBRE 2024'!$A:$D,4,0) -> 37.970276 | L44: =VLOOKUP(Tabla3[[#This Row],[PATENTE]],'ENERO 2025'!$A:$D,4,0) -> 36.594141 | M44: =VLOOKUP(Tabla3[[#This Row],[PATENTE]],'FEBRERO 2025'!$A:$D,4,0) -> 35.725983 | N44: =VLOOKUP(Tabla3[[#This Row],[PATENTE]],'MARZO 2025'!$A:$D,4,0) -> 35.026196 | O44: =VLOOKUP(Tabla3[[#This Row],[PATENTE]],'ABRIL 2025'!$A:$D,4,0) -> 37.351705 | P44: =VLOOKUP(Tabla3[[#This Row],[PATENTE]],'MAYO 2025'!$A:$D,4,0) -> 35.688777 | Q44: =VLOOKUP(Tabla3[[#This Row],[PATENTE]],'JUNIO 2025'!$A:$D,4,0) -> 36.386409 | R44: =VLOOKUP(Tabla3[[#This Row],[PATENTE]],'JULIO 2025'!$A:$D,4,0) -> 36.923346 | S44: =VLOOKUP(Tabla3[[#This Row],[PATENTE]],'AGOSTO 2025'!$A:$D,4,0) -> 34.92016 | T44: =VLOOKUP(Tabla3[[#This Row],[PATENTE]],'SEPTIEMBRE 2025'!$A:$D,4,0) -> 36.520214 | U44: =VLOOKUP(Tabla3[[#This Row],[PATENTE]],'OCTUBRE 2025'!$A:$D,4,0) -> 35.449814 | V44: =AVERAGE(D44:U44) -> 37.019907
B45: AC576ZI | C45: MB 1735 | D45: =VLOOKUP(Tabla3[[#This Row],[PATENTE]],'MAYO 2024'!$A:$D,4,0) -> 36.042798 | E45: =VLOOKUP(Tabla3[[#This Row],[PATENTE]],'JUNIO 2024'!$A:$D,4,0) -> 37.708527 | F45: =VLOOKUP(Tabla3[[#This Row],[PATENTE]],'JULIO 2024'!$A:$D,4,0) -> 36.919186 | G45: =VLOOKUP(Tabla3[[#This Row],[PATENTE]],'AGOSTO 2024'!$A:$D,4,0) -> 39.432083 | H45: =VLOOKUP(Tabla3[[#This Row],[PATENTE]],'SEPTIEMBRE 2024'!$A:$D,4,0) -> 39.229777 | I45: =VLOOKUP(Tabla3[[#This Row],[PATENTE]],'OCTUBRE 2024'!$A:$D,4,0) -> 36.948688 | J45: =VLOOKUP(Tabla3[[#This Row],[PATENTE]],'NOVIEMBRE 2024'!$A:$D,4,0) -> 36.533717 | K45: =VLOOKUP(Tabla3[[#This Row],[PATENTE]],'DICIEMBRE 2024'!$A:$D,4,0) -> 36.706102 | L45: =VLOOKUP(Tabla3[[#This Row],[PATENTE]],'ENERO 2025'!$A:$D,4,0) -> 35.959105 | M45: =VLOOKUP(Tabla3[[#This Row],[PATENTE]],'FEBRERO 2025'!$A:$D,4,0) -> 37.298396 | N45: =VLOOKUP(Tabla3[[#This Row],[PATENTE]],'MARZO 2025'!$A:$D,4,0) -> 35.601507 | O45: =VLOOKUP(Tabla3[[#This Row],[PATENTE]],'ABRIL 2025'!$A:$D,4,0) -> 35.002847 | P45: =VLOOKUP(Tabla3[[#This Row],[PATENTE]],'MAYO 2025'!$A:$D,4,0) -> 36.675523 | Q45: =VLOOKUP(Tabla3[[#This Row],[PATENTE]],'JUNIO 2025'!$A:$D,4,0) -> 35.229658 | R45: =VLOOKUP(Tabla3[[#This Row],[PATENTE]],'JULIO 2025'!$A:$D,4,0) -> 37.674966 | S45: =VLOOKUP(Tabla3[[#This Row],[PATENTE]],'AGOSTO 2025'!$A:$D,4,0) -> 36.567716 | T45: =VLOOKUP(Tabla3[[#This Row],[PATENTE]],'SEPTIEMBRE 2025'!$A:$D,4,0) -> 35.977161 | U45: =VLOOKUP(Tabla3[[#This Row],[PATENTE]],'OCTUBRE 2025'!$A:$D,4,0) -> 37.839065 | V45: =AVERAGE(D45:U45) -> 36.852601
B46: AC576YK | C46: MB 1735 | D46: =VLOOKUP(Tabla3[[#This Row],[PATENTE]],'MAYO 2024'!$A:$D,4,0) -> 35.865867 | E46: =VLOOKUP(Tabla3[[#This Row],[PATENTE]],'JUNIO 2024'!$A:$D,4,0) -> 37.636312 | F46: =VLOOKUP(Tabla3[[#This Row],[PATENTE]],'JULIO 2024'!$A:$D,4,0) -> 37.138508 | G46: =VLOOKUP(Tabla3[[#This Row],[PATENTE]],'AGOSTO 2024'!$A:$D,4,0) -> 40.294621 | H46: =VLOOKUP(Tabla3[[#This Row],[PATENTE]],'SEPTIEMBRE 2024'!$A:$D,4,0) -> 39.749014 | I46: =VLOOKUP(Tabla3[[#This Row],[PATENTE]],'OCTUBRE 2024'!$A:$D,4,0) -> 38.927781 | J46: =VLOOKUP(Tabla3[[#This Row],[PATENTE]],'NOVIEMBRE 2024'!$A:$D,4,0) -> 38.955275 | K46: =VLOOKUP(Tabla3[[#This Row],[PATENTE]],'DICIEMBRE 2024'!$A:$D,4,0) -> 36.936279 | L46: =VLOOKUP(Tabla3[[#This Row],[PATENTE]],'ENERO 2025'!$A:$D,4,0) -> 37.037037 | M46: =VLOOKUP(Tabla3[[#This Row],[PATENTE]],'FEBRERO 2025'!$A:$D,4,0) -> 36.330726 | N46: =VLOOKUP(Tabla3[[#This Row],[PATENTE]],'MARZO 2025'!$A:$D,4,0) -> 37.539581 | O46: =VLOOKUP(Tabla3[[#This Row],[PATENTE]],'ABRIL 2025'!$A:$D,4,0) -> 36.527701 | P46: =VLOOKUP(Tabla3[[#This Row],[PATENTE]],'MAYO 2025'!$A:$D,4,0) -> 37.016832 | Q46: =VLOOKUP(Tabla3[[#This Row],[PATENTE]],'JUNIO 2025'!$A:$D,4,0) -> 37.627517 | R46: =VLOOKUP(Tabla3[[#This Row],[PATENTE]],'JULIO 2025'!$A:$D,4,0) -> 36.166873 | S46: =VLOOKUP(Tabla3[[#This Row],[PATENTE]],'AGOSTO 2025'!$A:$D,4,0) -> 36.005696 | T46: =VLOOKUP(Tabla3[[#This Row],[PATENTE]],'SEPTIEMBRE 2025'!$A:$D,4,0) -> 36.355989 | U46: =VLOOKUP(Tabla3[[#This Row],[PATENTE]],'OCTUBRE 2025'!$A:$D,4,0) -> 36.585542 | V46: =AVERAGE(D46:U46) -> 37.372064
B47: AC576YM | C47: MB 1735 | D47: =VLOOKUP(Tabla3[[#This Row],[PATENTE]],'MAYO 2024'!$A:$D,4,0) -> 35.570143 | E47: =VLOOKUP(Tabla3[[#This Row],[PATENTE]],'JUNIO 2024'!$A:$D,4,0) -> 35.186083 | F47: =VLOOKUP(Tabla3[[#This Row],[PATENTE]],'JULIO 2024'!$A:$D,4,0) -> 36.187557 | G47: =VLOOKUP(Tabla3[[#This Row],[PATENTE]],'AGOSTO 2024'!$A:$D,4,0) -> 36.37347 | H47: =VLOOKUP(Tabla3[[#This Row],[PATENTE]],'SEPTIEMBRE 2024'!$A:$D,4,0) -> 36.054999 | I47: =VLOOKUP(Tabla3[[#This Row],[PATENTE]],'OCTUBRE 2024'!$A:$D,4,0) -> 35.624257 | J47: =VLOOKUP(Tabla3[[#This Row],[PATENTE]],'NOVIEMBRE 2024'!$A:$D,4,0) -> 35.597937 | K47: =VLOOKUP(Tabla3[[#This Row],[PATENTE]],'DICIEMBRE 2024'!$A:$D,4,0) -> 35.773915 | L47: =VLOOKUP(Tabla3[[#This Row],[PATENTE]],'ENERO 2025'!$A:$D,4,0) -> 35.740183 | M47: =VLOOKUP(Tabla3[[#This Row],[PATENTE]],'FEBRERO 2025'!$A:$D,4,0) -> 36.275524 | N47: =VLOOKUP(Tabla3[[#This Row],[PATENTE]],'MARZO 2025'!$A:$D,4,0) -> 37.21173 | O47: =VLOOKUP(Tabla3[[#This Row],[PATENTE]],'ABRIL 2025'!$A:$D,4,0) -> 35.049597 | P47: =VLOOKUP(Tabla3[[#This Row],[PATENTE]],'MAYO 2025'!$A:$D,4,0) -> 35.82188 | Q47: =VLOOKUP(Tabla3[[#This Row],[PATENTE]],'JUNIO 2025'!$A:$D,4,0) -> 36.31249 | R47: =VLOOKUP(Tabla3[[#This Row],[PATENTE]],'JULIO 2025'!$A:$D,4,0) -> 37.833225 | S47: =VLOOKUP(Tabla3[[#This Row],[PATENTE]],'AGOSTO 2025'!$A:$D,4,0) -> 36.191164 | T47: =VLOOKUP(Tabla3[[#This Row],[PATENTE]],'SEPTIEMBRE 2025'!$A:$D,4,0) -> 35.482808 | U47: =VLOOKUP(Tabla3[[#This Row],[PATENTE]],'OCTUBRE 2025'!$A:$D,4,0) -> 35.617545 | V47: =AVERAGE(D47:U47) -> 35.994695
B48: AB475TG | C48: MB 1735 | D48: =VLOOKUP(Tabla3[[#This Row],[PATENTE]],'MAYO 2024'!$A:$D,4,0) -> 42.996723 | E48: =VLOOKUP(Tabla3[[#This Row],[PATENTE]],'JUNIO 2024'!$A:$D,4,0) -> 41.088291 | F48: =VLOOKUP(Tabla3[[#This Row],[PATENTE]],'JULIO 2024'!$A:$D,4,0) -> 38.710787 | G48: =VLOOKUP(Tabla3[[#This Row],[PATENTE]],'AGOSTO 2024'!$A:$D,4,0) -> 37.307135 | H48: =VLOOKUP(Tabla3[[#This Row],[PATENTE]],'SEPTIEMBRE 2024'!$A:$D,4,0) -> 38.480949 | I48: =VLOOKUP(Tabla3[[#This Row],[PATENTE]],'OCTUBRE 2024'!$A:$D,4,0) -> 38.303352 | J48: =VLOOKUP(Tabla3[[#This Row],[PATENTE]],'NOVIEMBRE 2024'!$A:$D,4,0) -> 37.528299 | K48: =VLOOKUP(Tabla3[[#This Row],[PATENTE]],'DICIEMBRE 2024'!$A:$D,4,0) -> 36.076616 | L48: =VLOOKUP(Tabla3[[#This Row],[PATENTE]],'ENERO 2025'!$A:$D,4,0) -> 36.605943 | M48: =VLOOKUP(Tabla3[[#This Row],[PATENTE]],'FEBRERO 2025'!$A:$D,4,0) -> 37.235281 | N48: =VLOOKUP(Tabla3[[#This Row],[PATENTE]],'MARZO 2025'!$A:$D,4,0) -> 38.785958 | O48: =VLOOKUP(Tabla3[[#This Row],[PATENTE]],'ABRIL 2025'!$A:$D,4,0) -> 38.281304 | P48: =VLOOKUP(Tabla3[[#This Row],[PATENTE]],'MAYO 2025'!$A:$D,4,0) -> 35.176754 | Q48: =VLOOKUP(Tabla3[[#This Row],[PATENTE]],'JUNIO 2025'!$A:$D,4,0) -> 35.907288 | R48: =VLOOKUP(Tabla3[[#This Row],[PATENTE]],'JULIO 2025'!$A:$D,4,0) -> 36.569735 | S48: =VLOOKUP(Tabla3[[#This Row],[PATENTE]],'AGOSTO 2025'!$A:$D,4,0) -> 34.772891 | T48: =VLOOKUP(Tabla3[[#This Row],[PATENTE]],'SEPTIEMBRE 2025'!$A:$D,4,0) -> 35.34194 | U48: =VLOOKUP(Tabla3[[#This Row],[PATENTE]],'OCTUBRE 2025'!$A:$D,4,0) -> 35.385141 | V48: =AVERAGE(D48:U48) -> 37.475244
B49: AC576YL | C49: MB 1735 | D49: =VLOOKUP(Tabla3[[#This Row],[PATENTE]],'MAYO 2024'!$A:$D,4,0) -> 40.147431 | E49: =VLOOKUP(Tabla3[[#This Row],[PATENTE]],'JUNIO 2024'!$A:$D,4,0) -> 39.883978 | F49: =VLOOKUP(Tabla3[[#This Row],[PATENTE]],'JULIO 2024'!$A:$D,4,0) -> 37.383073 | G49: =VLOOKUP(Tabla3[[#This Row],[PATENTE]],'AGOSTO 2024'!$A:$D,4,0) -> 39.947514 | H49: =VLOOKUP(Tabla3[[#This Row],[PATENTE]],'SEPTIEMBRE 2024'!$A:$D,4,0) -> 37.924062 | I49: =VLOOKUP(Tabla3[[#This Row],[PATENTE]],'OCTUBRE 2024'!$A:$D,4,0) -> 38.289948 | J49: =VLOOKUP(Tabla3[[#This Row],[PATENTE]],'NOVIEMBRE 2024'!$A:$D,4,0) -> 38.739632 | K49: =VLOOKUP(Tabla3[[#This Row],[PATENTE]],'DICIEMBRE 2024'!$A:$D,4,0) -> 38.549376 | L49: =VLOOKUP(Tabla3[[#This Row],[PATENTE]],'ENERO 2025'!$A:$D,4,0) -> 36.973388 | M49: =VLOOKUP(Tabla3[[#This Row],[PATENTE]],'FEBRERO 2025'!$A:$D,4,0) -> 37.543509 | N49: =VLOOKUP(Tabla3[[#This Row],[PATENTE]],'MARZO 2025'!$A:$D,4,0) -> 39.226601 | O49: =VLOOKUP(Tabla3[[#This Row],[PATENTE]],'ABRIL 2025'!$A:$D,4,0) -> 38.661878 | P49: =VLOOKUP(Tabla3[[#This Row],[PATENTE]],'MAYO 2025'!$A:$D,4,0) -> 35.892939 | Q49: =VLOOKUP(Tabla3[[#This Row],[PATENTE]],'JUNIO 2025'!$A:$D,4,0) -> 35.467468 | R49: =VLOOKUP(Tabla3[[#This Row],[PATENTE]],'JULIO 2025'!$A:$D,4,0) -> 37.385455 | S49: =VLOOKUP(Tabla3[[#This Row],[PATENTE]],'AGOSTO 2025'!$A:$D,4,0) -> 37.777918 | T49: =VLOOKUP(Tabla3[[#This Row],[PATENTE]],'SEPTIEMBRE 2025'!$A:$D,4,0) -> 36.5938 | U49: =VLOOKUP(Tabla3[[#This Row],[PATENTE]],'OCTUBRE 2025'!$A:$D,4,0) -> 36.718197 | V49: =AVERAGE(D49:U49) -> 37.950343
B50: AC576YO | C50: MB 1735 | D50: =VLOOKUP(Tabla3[[#This Row],[PATENTE]],'MAYO 2024'!$A:$D,4,0) -> 37.583281 | E50: =VLOOKUP(Tabla3[[#This Row],[PATENTE]],'JUNIO 2024'!$A:$D,4,0) -> 41.914736 | F50: =VLOOKUP(Tabla3[[#This Row],[PATENTE]],'JULIO 2024'!$A:$D,4,0) -> 40.890135 | G50: =VLOOKUP(Tabla3[[#This Row],[PATENTE]],'AGOSTO 2024'!$A:$D,4,0) -> 39.276899 | H50: =VLOOKUP(Tabla3[[#This Row],[PATENTE]],'SEPTIEMBRE 2024'!$A:$D,4,0) -> 36.811972 | I50: =VLOOKUP(Tabla3[[#This Row],[PATENTE]],'OCTUBRE 2024'!$A:$D,4,0) -> 36.447888 | J50: =VLOOKUP(Tabla3[[#This Row],[PATENTE]],'NOVIEMBRE 2024'!$A:$D,4,0) -> 36.530365 | K50: =VLOOKUP(Tabla3[[#This Row],[PATENTE]],'DICIEMBRE 2024'!$A:$D,4,0) -> 37.157019 | L50: =VLOOKUP(Tabla3[[#This Row],[PATENTE]],'ENERO 2025'!$A:$D,4,0) -> 36.057498 | M50: =VLOOKUP(Tabla3[[#This Row],[PATENTE]],'FEBRERO 2025'!$A:$D,4,0) -> 35.427493 | N50: =VLOOKUP(Tabla3[[#This Row],[PATENTE]],'MARZO 2025'!$A:$D,4,0) -> 34.123483 | O50: =VLOOKUP(Tabla3[[#This Row],[PATENTE]],'ABRIL 2025'!$A:$D,4,0) -> 34.001828 | P50: =VLOOKUP(Tabla3[[#This Row],[PATENTE]],'MAYO 2025'!$A:$D,4,0) -> 35.896897 | Q50: =VLOOKUP(Tabla3[[#This Row],[PATENTE]],'JUNIO 2025'!$A:$D,4,0) -> 35.756891 | R50: =VLOOKUP(Tabla3[[#This Row],[PATENTE]],'JULIO 2025'!$A:$D,4,0) -> 36.997962 | S50: =VLOOKUP(Tabla3[[#This Row],[PATENTE]],'AGOSTO 2025'!$A:$D,4,0) -> 36.190373 | T50: =VLOOKUP(Tabla3[[#This Row],[PATENTE]],'SEPTIEMBRE 2025'!$A:$D,4,0) -> 38.677952 | U50: =VLOOKUP(Tabla3[[#This Row],[PATENTE]],'OCTUBRE 2025'!$A:$D,4,0) -> 37.707986 | V50: =AVERAGE(D50:U50) -> 37.080592
B51: AB475TH | C51: MB 1735 | D51: =VLOOKUP(Tabla3[[#This Row],[PATENTE]],'MAYO 2024'!$A:$D,4,0) -> 37.517619 | E51: =VLOOKUP(Tabla3[[#This Row],[PATENTE]],'JUNIO 2024'!$A:$D,4,0) -> 37.774457 | F51: =VLOOKUP(Tabla3[[#This Row],[PATENTE]],'JULIO 2024'!$A:$D,4,0) -> 36.939868 | G51: =VLOOKUP(Tabla3[[#This Row],[PATENTE]],'AGOSTO 2024'!$A:$D,4,0) -> 38.15407 | H51: =VLOOKUP(Tabla3[[#This Row],[PATENTE]],'SEPTIEMBRE 2024'!$A:$D,4,0) -> 36.520332 | I51: =VLOOKUP(Tabla3[[#This Row],[PATENTE]],'OCTUBRE 2024'!$A:$D,4,0) -> 37.034992 | J51: =VLOOKUP(Tabla3[[#This Row],[PATENTE]],'NOVIEMBRE 2024'!$A:$D,4,0) -> 40.361111 | K51: =VLOOKUP(Tabla3[[#This Row],[PATENTE]],'DICIEMBRE 2024'!$A:$D,4,0) -> 36.79888 | L51: =VLOOKUP(Tabla3[[#This Row],[PATENTE]],'ENERO 2025'!$A:$D,4,0) -> 36.407483 | M51: =VLOOKUP(Tabla3[[#This Row],[PATENTE]],'FEBRERO 2025'!$A:$D,4,0) -> 35.837246 | N51: =VLOOKUP(Tabla3[[#This Row],[PATENTE]],'MARZO 2025'!$A:$D,4,0) -> 37.233446 | O51: =VLOOKUP(Tabla3[[#This Row],[PATENTE]],'ABRIL 2025'!$A:$D,4,0) -> 36.846718 | P51: =VLOOKUP(Tabla3[[#This Row],[PATENTE]],'MAYO 2025'!$A:$D,4,0) -> 42.264752 | Q51: =VLOOKUP(Tabla3[[#This Row],[PATENTE]],'JUNIO 2025'!$A:$D,4,0) -> 35.637283 | R51: =VLOOKUP(Tabla3[[#This Row],[PATENTE]],'JULIO 2025'!$A:$D,4,0) -> 38.401125 | S51: =VLOOKUP(Tabla3[[#This Row],[PATENTE]],'AGOSTO 2025'!$A:$D,4,0) -> 38.113429 | T51: =VLOOKUP(Tabla3[[#This Row],[PATENTE]],'SEPTIEMBRE 2025'!$A:$D,4,0) -> 36.638746 | U51: =VLOOKUP(Tabla3[[#This Row],[PATENTE]],'OCTUBRE 2025'!$A:$D,4,0) -> 37.368232 | V51: =AVERAGE(D51:U51) -> 37.54721
B52: AB475TJ | C52: MB 1735 | D52: =VLOOKUP(Tabla3[[#This Row],[PATENTE]],'MAYO 2024'!$A:$D,4,0) -> 37.015442 | E52: =VLOOKUP(Tabla3[[#This Row],[PATENTE]],'JUNIO 2024'!$A:$D,4,0) -> 36.317933 | F52: =VLOOKUP(Tabla3[[#This Row],[PATENTE]],'JULIO 2024'!$A:$D,4,0) -> 37.771879 | G52: =VLOOKUP(Tabla3[[#This Row],[PATENTE]],'AGOSTO 2024'!$A:$D,4,0) -> 41.139749 | H52: =VLOOKUP(Tabla3[[#This Row],[PATENTE]],'SEPTIEMBRE 2024'!$A:$D,4,0) -> 39.990147 | I52: =VLOOKUP(Tabla3[[#This Row],[PATENTE]],'OCTUBRE 2024'!$A:$D,4,0) -> 33.707545 | J52: =VLOOKUP(Tabla3[[#This Row],[PATENTE]],'NOVIEMBRE 2024'!$A:$D,4,0) -> 37.346939 | K52: =VLOOKUP(Tabla3[[#This Row],[PATENTE]],'DICIEMBRE 2024'!$A:$D,4,0) -> 35.746202 | L52: =VLOOKUP(Tabla3[[#This Row],[PATENTE]],'ENERO 2025'!$A:$D,4,0) -> 35.87159 | M52: =VLOOKUP(Tabla3[[#This Row],[PATENTE]],'FEBRERO 2025'!$A:$D,4,0) -> 36.201847 | N52: =VLOOKUP(Tabla3[[#This Row],[PATENTE]],'MARZO 2025'!$A:$D,4,0) -> 34.156327 | O52: =VLOOKUP(Tabla3[[#This Row],[PATENTE]],'ABRIL 2025'!$A:$D,4,0) -> 36.765025 | P52: =VLOOKUP(Tabla3[[#This Row],[PATENTE]],'MAYO 2025'!$A:$D,4,0) -> 34.92593 | Q52: =VLOOKUP(Tabla3[[#This Row],[PATENTE]],'JUNIO 2025'!$A:$D,4,0) -> 34.731208 | R52: =VLOOKUP(Tabla3[[#This Row],[PATENTE]],'JULIO 2025'!$A:$D,4,0) -> 33.919816 | S52: =VLOOKUP(Tabla3[[#This Row],[PATENTE]],'AGOSTO 2025'!$A:$D,4,0) -> 33.435182 | T52: =VLOOKUP(Tabla3[[#This Row],[PATENTE]],'SEPTIEMBRE 2025'!$A:$D,4,0) -> 33.40977 | U52: =VLOOKUP(Tabla3[[#This Row],[PATENTE]],'OCTUBRE 2025'!$A:$D,4,0) -> 35.479874 | V52: =AVERAGE(D52:U52) -> 35.996245
B53: AB475SX | C53: MB 1735 | D53: =VLOOKUP(Tabla3[[#This Row],[PATENTE]],'MAYO 2024'!$A:$D,4,0) -> 34.699454 | E53: =VLOOKUP(Tabla3[[#This Row],[PATENTE]],'JUNIO 2024'!$A:$D,4,0) -> 36.55882 | F53: =VLOOKUP(Tabla3[[#This Row],[PATENTE]],'JULIO 2024'!$A:$D,4,0) -> 36.930287 | G53: =VLOOKUP(Tabla3[[#This Row],[PATENTE]],'AGOSTO 2024'!$A:$D,4,0) -> 37.147723 | H53: =VLOOKUP(Tabla3[[#This Row],[PATENTE]],'SEPTIEMBRE 2024'!$A:$D,4,0) -> 36.81717 | I53: =VLOOKUP(Tabla3[[#This Row],[PATENTE]],'OCTUBRE 2024'!$A:$D,4,0) -> 38.530785 | J53: =VLOOKUP(Tabla3[[#This Row],[PATENTE]],'NOVIEMBRE 2024'!$A:$D,4,0) -> 38.832968 | K53: =VLOOKUP(Tabla3[[#This Row],[PATENTE]],'DICIEMBRE 2024'!$A:$D,4,0) -> 36.426575 | L53: =VLOOKUP(Tabla3[[#This Row],[PATENTE]],'ENERO 2025'!$A:$D,4,0) -> 37.572317 | M53: =VLOOKUP(Tabla3[[#This Row],[PATENTE]],'FEBRERO 2025'!$A:$D,4,0) -> 37.458082 | N53: =VLOOKUP(Tabla3[[#This Row],[PATENTE]],'MARZO 2025'!$A:$D,4,0) -> 35.527692 | O53: =VLOOKUP(Tabla3[[#This Row],[PATENTE]],'ABRIL 2025'!$A:$D,4,0) -> 35.218987 | P53: =VLOOKUP(Tabla3[[#This Row],[PATENTE]],'MAYO 2025'!$A:$D,4,0) -> 34.889177 | Q53: =VLOOKUP(Tabla3[[#This Row],[PATENTE]],'JUNIO 2025'!$A:$D,4,0) -> 38.352712 | R53: =VLOOKUP(Tabla3[[#This Row],[PATENTE]],'JULIO 2025'!$A:$D,4,0) -> 35.43407 | T53: =VLOOKUP(Tabla3[[#This Row],[PATENTE]],'SEPTIEMBRE 2025'!$A:$D,4,0) -> 36.164543 | U53: =VLOOKUP(Tabla3[[#This Row],[PATENTE]],'OCTUBRE 2025'!$A:$D,4,0) -> 35.809118 | V53: =AVERAGE(D53:U53) -> 36.610028
B54: AB475SZ | C54: MB 1735 | D54: =VLOOKUP(Tabla3[[#This Row],[PATENTE]],'MAYO 2024'!$A:$D,4,0) -> 41.535198 | E54: =VLOOKUP(Tabla3[[#This Row],[PATENTE]],'JUNIO 2024'!$A:$D,4,0) -> 40.559108 | F54: =VLOOKUP(Tabla3[[#This Row],[PATENTE]],'JULIO 2024'!$A:$D,4,0) -> 39.677708 | G54: =VLOOKUP(Tabla3[[#This Row],[PATENTE]],'AGOSTO 2024'!$A:$D,4,0) -> 39.330002 | H54: =VLOOKUP(Tabla3[[#This Row],[PATENTE]],'SEPTIEMBRE 2024'!$A:$D,4,0) -> 36.188579 | I54: =VLOOKUP(Tabla3[[#This Row],[PATENTE]],'OCTUBRE 2024'!$A:$D,4,0) -> 39.469699 | J54: =VLOOKUP(Tabla3[[#This Row],[PATENTE]],'NOVIEMBRE 2024'!$A:$D,4,0) -> 41.327466 | K54: =VLOOKUP(Tabla3[[#This Row],[PATENTE]],'DICIEMBRE 2024'!$A:$D,4,0) -> 39.891026 | L54: =VLOOKUP(Tabla3[[#This Row],[PATENTE]],'ENERO 2025'!$A:$D,4,0) -> 40.205047 | M54: =VLOOKUP(Tabla3[[#This Row],[PATENTE]],'FEBRERO 2025'!$A:$D,4,0) -> 37.536435 | N54: =VLOOKUP(Tabla3[[#This Row],[PATENTE]],'MARZO 2025'!$A:$D,4,0) -> 37.18925 | O54: =VLOOKUP(Tabla3[[#This Row],[PATENTE]],'ABRIL 2025'!$A:$D,4,0) -> 36.509926 | P54: =VLOOKUP(Tabla3[[#This Row],[PATENTE]],'MAYO 2025'!$A:$D,4,0) -> 35.708648 | Q54: =VLOOKUP(Tabla3[[#This Row],[PATENTE]],'JUNIO 2025'!$A:$D,4,0) -> 36.366268 | R54: =VLOOKUP(Tabla3[[#This Row],[PATENTE]],'JULIO 2025'!$A:$D,4,0) -> 37.522042 | S54: =VLOOKUP(Tabla3[[#This Row],[PATENTE]],'AGOSTO 2025'!$A:$D,4,0) -> 35.693357 | T54: =VLOOKUP(Tabla3[[#This Row],[PATENTE]],'SEPTIEMBRE 2025'!$A:$D,4,0) -> 35.868978 | U54: =VLOOKUP(Tabla3[[#This Row],[PATENTE]],'OCTUBRE 2025'!$A:$D,4,0) -> 36.299585 | V54: =AVERAGE(D54:U54) -> 38.159907
C56: Promedios | D56: =AVERAGE(D41:D54) -> 37.77824 | E56: =AVERAGE(E41:E54) -> 37.950164 | F56: =AVERAGE(F41:F54) -> 38.083837 | G56: =AVERAGE(G41:G54) -> 38.823717 | H56: =AVERAGE(H41:H54) -> 37.898833 | I56: =AVERAGE(I41:I54) -> 37.499343 | J56: =AVERAGE(J41:J54) -> 38.485569 | K56: =AVERAGE(K41:K54) -> 37.590254 | ... U56: =AVERAGE(U41:U54) -> 36.433894
A58: 33 / 34 | B58: AC576ZN | C58: MB 2036 | D58: =VLOOKUP(Tabla3[[#This Row],[PATENTE]],'MAYO 2024'!$A:$D,4,0) -> 34.589008 | E58: =VLOOKUP(Tabla3[[#This Row],[PATENTE]],'JUNIO 2024'!$A:$D,4,0) -> 35.658199 | F58: =VLOOKUP(Tabla3[[#This Row],[PATENTE]],'JULIO 2024'!$A:$D,4,0) -> 36.112032 | G58: =VLOOKUP(Tabla3[[#This Row],[PATENTE]],'AGOSTO 2024'!$A:$D,4,0) -> 37.164363 | H58: =VLOOKUP(Tabla3[[#This Row],[PATENTE]],'SEPTIEMBRE 2024'!$A:$D,4,0) -> 35.99448 | I58: =VLOOKUP(Tabla3[[#This Row],[PATENTE]],'OCTUBRE 2024'!$A:$D,4,0) -> 35.65639 | J58: =VLOOKUP(Tabla3[[#This Row],[PATENTE]],'NOVIEMBRE 2024'!$A:$D,4,0) -> 36.350746 | K58: =VLOOKUP(Tabla3[[#This Row],[PATENTE]],'DICIEMBRE 2024'!$A:$D,4,0) -> 37.534789 | L58: =VLOOKUP(Tabla3[[#This Row],[PATENTE]],'ENERO 2025'!$A:$D,4,0) -> 36.230337 | M58: =VLOOKUP(Tabla3[[#This Row],[PATENTE]],'FEBRERO 2025'!$A:$D,4,0) -> 34.889321 | N58: =VLOOKUP(Tabla3[[#This Row],[PATENTE]],'MARZO 2025'!$A:$D,4,0) -> 35.879314 | O58: =VLOOKUP(Tabla3[[#This Row],[PATENTE]],'ABRIL 2025'!$A:$D,4,0) -> 35.309615 | P58: =VLOOKUP(Tabla3[[#This Row],[PATENTE]],'MAYO 2025'!$A:$D,4,0) -> 35.444035 | Q58: =VLOOKUP(Tabla3[[#This Row],[PATENTE]],'JUNIO 2025'!$A:$D,4,0) -> 34.336912 | R58: =VLOOKUP(Tabla3[[#This Row],[PATENTE]],'JULIO 2025'!$A:$D,4,0) -> 35.623688 | S58: =VLOOKUP(Tabla3[[#This Row],[PATENTE]],'AGOSTO 2025'!$A:$D,4,0) -> 36.156383 | T58: =VLOOKUP(Tabla3[[#This Row],[PATENTE]],'SEPTIEMBRE 2025'!$A:$D,4,0) -> 33.08493 | U58: =VLOOKUP(Tabla3[[#This Row],[PATENTE]],'OCTUBRE 2025'!$A:$D,4,0) -> 34.770275 | V58: =AVERAGE(D58:U58) -> 35.599157
B59: AF086VB | C59: MB 2036 | D59: =VLOOKUP(Tabla3[[#This Row],[PATENTE]],'MAYO 2024'!$A:$D,4,0) -> 34.755276 | E59: =VLOOKUP(Tabla3[[#This Row],[PATENTE]],'JUNIO 2024'!$A:$D,4,0) -> 33.340167 | F59: =VLOOKUP(Tabla3[[#This Row],[PATENTE]],'JULIO 2024'!$A:$D,4,0) -> 34.793001 | G59: =VLOOKUP(Tabla3[[#This Row],[PATENTE]],'AGOSTO 2024'!$A:$D,4,0) -> 34.013877 | H59: =VLOOKUP(Tabla3[[#This Row],[PATENTE]],'SEPTIEMBRE 2024'!$A:$D,4,0) -> 33.034721 | I59: =VLOOKUP(Tabla3[[#This Row],[PATENTE]],'OCTUBRE 2024'!$A:$D,4,0) -> 35.562823 | J59: =VLOOKUP(Tabla3[[#This Row],[PATENTE]],'NOVIEMBRE 2024'!$A:$D,4,0) -> 35.40115 | K59: =VLOOKUP(Tabla3[[#This Row],[PATENTE]],'DICIEMBRE 2024'!$A:$D,4,0) -> 33.01322 | L59: =VLOOKUP(Tabla3[[#This Row],[PATENTE]],'ENERO 2025'!$A:$D,4,0) -> 35.284849 | M59: =VLOOKUP(Tabla3[[#This Row],[PATENTE]],'FEBRERO 2025'!$A:$D,4,0) -> 36.382976 | N59: =VLOOKUP(Tabla3[[#This Row],[PATENTE]],'MARZO 2025'!$A:$D,4,0) -> 34.173934 | O59: =VLOOKUP(Tabla3[[#This Row],[PATENTE]],'ABRIL 2025'!$A:$D,4,0) -> 33.437831 | P59: =VLOOKUP(Tabla3[[#This Row],[PATENTE]],'MAYO 2025'!$A:$D,4,0) -> 35.045691 | Q59: =VLOOKUP(Tabla3[[#This Row],[PATENTE]],'JUNIO 2025'!$A:$D,4,0) -> 34.824437 | R59: =VLOOKUP(Tabla3[[#This Row],[PATENTE]],'JULIO 2025'!$A:$D,4,0) -> 33.517578 | S59: =VLOOKUP(Tabla3[[#This Row],[PATENTE]],'AGOSTO 2025'!$A:$D,4,0) -> 34.038675 | T59: =VLOOKUP(Tabla3[[#This Row],[PATENTE]],'SEPTIEMBRE 2025'!$A:$D,4,0) -> 32.82793 | U59: =VLOOKUP(Tabla3[[#This Row],[PATENTE]],'OCTUBRE 2025'!$A:$D,4,0) -> 34.115426 | V59: =AVERAGE(D59:U59) -> 34.309087
B60: AF241FJ | C60: MB 2036 | D60: =VLOOKUP(Tabla3[[#This Row],[PATENTE]],'MAYO 2024'!$A:$D,4,0) -> 33.386076 | E60: =VLOOKUP(Tabla3[[#This Row],[PATENTE]],'JUNIO 2024'!$A:$D,4,0) -> 33.844398 | F60: =VLOOKUP(Tabla3[[#This Row],[PATENTE]],'JULIO 2024'!$A:$D,4,0) -> 34.669688 | G60: =VLOOKUP(Tabla3[[#This Row],[PATENTE]],'AGOSTO 2024'!$A:$D,4,0) -> 36.078045 | H60: =VLOOKUP(Tabla3[[#This Row],[PATENTE]],'SEPTIEMBRE 2024'!$A:$D,4,0) -> 36.451018 | I60: =VLOOKUP(Tabla3[[#This Row],[PATENTE]],'OCTUBRE 2024'!$A:$D,4,0) -> 34.013325 | J60: =VLOOKUP(Tabla3[[#This Row],[PATENTE]],'NOVIEMBRE 2024'!$A:$D,4,0) -> 34.660151 | K60: =VLOOKUP(Tabla3[[#This Row],[PATENTE]],'DICIEMBRE 2024'!$A:$D,4,0) -> 34.061516 | L60: =VLOOKUP(Tabla3[[#This Row],[PATENTE]],'ENERO 2025'!$A:$D,4,0) -> 34.574437 | M60: =VLOOKUP(Tabla3[[#This Row],[PATENTE]],'FEBRERO 2025'!$A:$D,4,0) -> 35.150741 | N60: =VLOOKUP(Tabla3[[#This Row],[PATENTE]],'MARZO 2025'!$A:$D,4,0) -> 34.802172 | O60: =VLOOKUP(Tabla3[[#This Row],[PATENTE]],'ABRIL 2025'!$A:$D,4,0) -> 33.553904 | P60: =VLOOKUP(Tabla3[[#This Row],[PATENTE]],'MAYO 2025'!$A:$D,4,0) -> 34.015902 | Q60: =VLOOKUP(Tabla3[[#This Row],[PATENTE]],'JUNIO 2025'!$A:$D,4,0) -> 35.627975 | R60: =VLOOKUP(Tabla3[[#This Row],[PATENTE]],'JULIO 2025'!$A:$D,4,0) -> 33.085506 | S60: =VLOOKUP(Tabla3[[#This Row],[PATENTE]],'AGOSTO 2025'!$A:$D,4,0) -> 33.110779 | T60: =VLOOKUP(Tabla3[[#This Row],[PATENTE]],'SEPTIEMBRE 2025'!$A:$D,4,0) -> 35.243629 | U60: =VLOOKUP(Tabla3[[#This Row],[PATENTE]],'OCTUBRE 2025'!$A:$D,4,0) -> 32.655537 | V60: =AVERAGE(D60:U60) -> 34.388044
B61: AF371QB | C61: MB 2041 | D61: =VLOOKUP(Tabla3[[#This Row],[PATENTE]],'MAYO 2024'!$A:$D,4,0) -> 35.761589 | E61: =VLOOKUP(Tabla3[[#This Row],[PATENTE]],'JUNIO 2024'!$A:$D,4,0) -> 35.008689 | F61: =VLOOKUP(Tabla3[[#This Row],[PATENTE]],'JULIO 2024'!$A:$D,4,0) -> 36.059502 | G61: =VLOOKUP(Tabla3[[#This Row],[PATENTE]],'AGOSTO 2024'!$A:$D,4,0) -> 36.137492 | H61: =VLOOKUP(Tabla3[[#This Row],[PATENTE]],'SEPTIEMBRE 2024'!$A:$D,4,0) -> 35.808863 | I61: =VLOOKUP(Tabla3[[#This Row],[PATENTE]],'OCTUBRE 2024'!$A:$D,4,0) -> 36.499124 | J61: =VLOOKUP(Tabla3[[#This Row],[PATENTE]],'NOVIEMBRE 2024'!$A:$D,4,0) -> 36.399482 | K61: =VLOOKUP(Tabla3[[#This Row],[PATENTE]],'DICIEMBRE 2024'!$A:$D,4,0) -> 35.492165 | L61: =VLOOKUP(Tabla3[[#This Row],[PATENTE]],'ENERO 2025'!$A:$D,4,0) -> 35.208876 | M61: =VLOOKUP(Tabla3[[#This Row],[PATENTE]],'FEBRERO 2025'!$A:$D,4,0) -> 35.623683 | N61: =VLOOKUP(Tabla3[[#This Row],[PATENTE]],'MARZO 2025'!$A:$D,4,0) -> 33.27425 | O61: =VLOOKUP(Tabla3[[#This Row],[PATENTE]],'ABRIL 2025'!$A:$D,4,0) -> 34.325173 | P61: =VLOOKUP(Tabla3[[#This Row],[PATENTE]],'MAYO 2025'!$A:$D,4,0) -> 34.942321 | Q61: =VLOOKUP(Tabla3[[#This Row],[PATENTE]],'JUNIO 2025'!$A:$D,4,0) -> 35.188775 | R61: =VLOOKUP(Tabla3[[#This Row],[PATENTE]],'JULIO 2025'!$A:$D,4,0) -> 36.627634 | S61: =VLOOKUP(Tabla3[[#This Row],[PATENTE]],'AGOSTO 2025'!$A:$D,4,0) -> 34.968077 | T61: =VLOOKUP(Tabla3[[#This Row],[PATENTE]],'SEPTIEMBRE 2025'!$A:$D,4,0) -> 35.785779 | U61: =VLOOKUP(Tabla3[[#This Row],[PATENTE]],'OCTUBRE 2025'!$A:$D,4,0) -> 34.789579 | V61: =AVERAGE(D61:U61) -> 35.438947
B62: AF193HQ | C62: MB 2536 | D62: =VLOOKUP(Tabla3[[#This Row],[PATENTE]],'MAYO 2024'!$A:$D,4,0) -> 34.485104 | E62: =VLOOKUP(Tabla3[[#This Row],[PATENTE]],'JUNIO 2024'!$A:$D,4,0) -> 33.916469 | F62: =VLOOKUP(Tabla3[[#This Row],[PATENTE]],'JULIO 2024'!$A:$D,4,0) -> 34.588342 | G62: =VLOOKUP(Tabla3[[#This Row],[PATENTE]],'AGOSTO 2024'!$A:$D,4,0) -> 33.964208 | H62: =VLOOKUP(Tabla3[[#This Row],[PATENTE]],'SEPTIEMBRE 2024'!$A:$D,4,0) -> 32.624352 | I62: =VLOOKUP(Tabla3[[#This Row],[PATENTE]],'OCTUBRE 2024'!$A:$D,4,0) -> 31.833142 | J62: =VLOOKUP(Tabla3[[#This Row],[PATENTE]],'NOVIEMBRE 2024'!$A:$D,4,0) -> 32.249598 | K62: =VLOOKUP(Tabla3[[#This Row],[PATENTE]],'DICIEMBRE 2024'!$A:$D,4,0) -> 33.031569 | L62: =VLOOKUP(Tabla3[[#This Row],[PATENTE]],'ENERO 2025'!$A:$D,4,0) -> 33.339873 | M62: =VLOOKUP(Tabla3[[#This Row],[PATENTE]],'FEBRERO 2025'!$A:$D,4,0) -> 35.592565 | N62: =VLOOKUP(Tabla3[[#This Row],[PATENTE]],'MARZO 2025'!$A:$D,4,0) -> 32.962262 | O62: =VLOOKUP(Tabla3[[#This Row],[PATENTE]],'ABRIL 2025'!$A:$D,4,0) -> 32.171697 | P62: =VLOOKUP(Tabla3[[#This Row],[PATENTE]],'MAYO 2025'!$A:$D,4,0) -> 33.593383 | Q62: =VLOOKUP(Tabla3[[#This Row],[PATENTE]],'JUNIO 2025'!$A:$D,4,0) -> 33.878343 | R62: =VLOOKUP(Tabla3[[#This Row],[PATENTE]],'JULIO 2025'!$A:$D,4,0) -> 34.496691 | S62: =VLOOKUP(Tabla3[[#This Row],[PATENTE]],'AGOSTO 2025'!$A:$D,4,0) -> 33.310487 | T62: =VLOOKUP(Tabla3[[#This Row],[PATENTE]],'SEPTIEMBRE 2025'!$A:$D,4,0) -> 34.471341 | U62: =VLOOKUP(Tabla3[[#This Row],[PATENTE]],'OCTUBRE 2025'!$A:$D,4,0) -> 33.612888 | V62: =AVERAGE(D62:U62) -> 33.562351
B63: AF420MJ | C63: MB 2536 | D63: =VLOOKUP(Tabla3[[#This Row],[PATENTE]],'MAYO 2024'!$A:$D,4,0) -> 34.414822 | E63: =VLOOKUP(Tabla3[[#This Row],[PATENTE]],'JUNIO 2024'!$A:$D,4,0) -> 35.006363 | F63: =VLOOKUP(Tabla3[[#This Row],[PATENTE]],'JULIO 2024'!$A:$D,4,0) -> 35.974331 | G63: =VLOOKUP(Tabla3[[#This Row],[PATENTE]],'AGOSTO 2024'!$A:$D,4,0) -> 35.53485 | H63: =VLOOKUP(Tabla3[[#This Row],[PATENTE]],'SEPTIEMBRE 2024'!$A:$D,4,0) -> 34.670697 | I63: =VLOOKUP(Tabla3[[#This Row],[PATENTE]],'OCTUBRE 2024'!$A:$D,4,0) -> 36.04797 | J63: =VLOOKUP(Tabla3[[#This Row],[PATENTE]],'NOVIEMBRE 2024'!$A:$D,4,0) -> 34.166173 | K63: =VLOOKUP(Tabla3[[#This Row],[PATENTE]],'DICIEMBRE 2024'!$A:$D,4,0) -> 34.073355 | L63: =VLOOKUP(Tabla3[[#This Row],[PATENTE]],'ENERO 2025'!$A:$D,4,0) -> 32.842987 | P63: =VLOOKUP(Tabla3[[#This Row],[PATENTE]],'MAYO 2025'!$A:$D,4,0) -> 32.611399 | Q63: =VLOOKUP(Tabla3[[#This Row],[PATENTE]],'JUNIO 2025'!$A:$D,4,0) -> 33.457187 | R63: =VLOOKUP(Tabla3[[#This Row],[PATENTE]],'JULIO 2025'!$A:$D,4,0) -> 36.468121 | S63: =VLOOKUP(Tabla3[[#This Row],[PATENTE]],'AGOSTO 2025'!$A:$D,4,0) -> 33.757464 | T63: =VLOOKUP(Tabla3[[#This Row],[PATENTE]],'SEPTIEMBRE 2025'!$A:$D,4,0) -> 33.106984 | U63: =VLOOKUP(Tabla3[[#This Row],[PATENTE]],'OCTUBRE 2025'!$A:$D,4,0) -> 37.517432 | V63: =AVERAGE(D63:U63) -> 34.643342
B64: AF193HG | C64: MB 2536 | D64: =VLOOKUP(Tabla3[[#This Row],[PATENTE]],'MAYO 2024'!$A:$D,4,0) -> 35.111135 | E64: =VLOOKUP(Tabla3[[#This Row],[PATENTE]],'JUNIO 2024'!$A:$D,4,0) -> 35.950795 | F64: =VLOOKUP(Tabla3[[#This Row],[PATENTE]],'JULIO 2024'!$A:$D,4,0) -> 35.300382 | G64: =VLOOKUP(Tabla3[[#This Row],[PATENTE]],'AGOSTO 2024'!$A:$D,4,0) -> 36.515503 | H64: =VLOOKUP(Tabla3[[#This Row],[PATENTE]],'SEPTIEMBRE 2024'!$A:$D,4,0) -> 33.394927 | I64: =VLOOKUP(Tabla3[[#This Row],[PATENTE]],'OCTUBRE 2024'!$A:$D,4,0) -> 35.489865 | J64: =VLOOKUP(Tabla3[[#This Row],[PATENTE]],'NOVIEMBRE 2024'!$A:$D,4,0) -> 35.793709 | K64: =VLOOKUP(Tabla3[[#This Row],[PATENTE]],'DICIEMBRE 2024'!$A:$D,4,0) -> 35.247074 | L64: =VLOOKUP(Tabla3[[#This Row],[PATENTE]],'ENERO 2025'!$A:$D,4,0) -> 36.42902 | M64: =VLOOKUP(Tabla3[[#This Row],[PATENTE]],'FEBRERO 2025'!$A:$D,4,0) -> 34.348151 | N64: =VLOOKUP(Tabla3[[#This Row],[PATENTE]],'MARZO 2025'!$A:$D,4,0) -> 33.380921 | O64: =VLOOKUP(Tabla3[[#This Row],[PATENTE]],'ABRIL 2025'!$A:$D,4,0) -> 34.887246 | P64: =VLOOKUP(Tabla3[[#This Row],[PATENTE]],'MAYO 2025'!$A:$D,4,0) -> 32.831483 | Q64: =VLOOKUP(Tabla3[[#This Row],[PATENTE]],'JUNIO 2025'!$A:$D,4,0) -> 33.617315 | R64: =VLOOKUP(Tabla3[[#This Row],[PATENTE]],'JULIO 2025'!$A:$D,4,0) -> 34.084091 | S64: =VLOOKUP(Tabla3[[#This Row],[PATENTE]],'AGOSTO 2025'!$A:$D,4,0) -> 33.260238 | T64: =VLOOKUP(Tabla3[[#This Row],[PATENTE]],'SEPTIEMBRE 2025'!$A:$D,4,0) -> 35.061069 | U64: =VLOOKUP(Tabla3[[#This Row],[PATENTE]],'OCTUBRE 2025'!$A:$D,4,0) -> 33.637143 | V64: =AVERAGE(D64:U64) -> 34.685559
B65: AF553MI | C65: MB 2536 | D65: =VLOOKUP(Tabla3[[#This Row],[PATENTE]],'MAYO 2024'!$A:$D,4,0) -> 33.835125 | E65: =VLOOKUP(Tabla3[[#This Row],[PATENTE]],'JUNIO 2024'!$A:$D,4,0) -> 33.012427 | F65: =VLOOKUP(Tabla3[[#This Row],[PATENTE]],'JULIO 2024'!$A:$D,4,0) -> 34.808013 | G65: =VLOOKUP(Tabla3[[#This Row],[PATENTE]],'AGOSTO 2024'!$A:$D,4,0) -> 35.519177 | H65: =VLOOKUP(Tabla3[[#This Row],[PATENTE]],'SEPTIEMBRE 2024'!$A:$D,4,0) -> 34.177114 | I65: =VLOOKUP(Tabla3[[#This Row],[PATENTE]],'OCTUBRE 2024'!$A:$D,4,0) -> 33.895476 | J65: =VLOOKUP(Tabla3[[#This Row],[PATENTE]],'NOVIEMBRE 2024'!$A:$D,4,0) -> 33.430501 | K65: =VLOOKUP(Tabla3[[#This Row],[PATENTE]],'DICIEMBRE 2024'!$A:$D,4,0) -> 33.564444 | L65: =VLOOKUP(Tabla3[[#This Row],[PATENTE]],'ENERO 2025'!$A:$D,4,0) -> 33.803342 | M65: =VLOOKUP(Tabla3[[#This Row],[PATENTE]],'FEBRERO 2025'!$A:$D,4,0) -> 35.922664 | N65: =VLOOKUP(Tabla3[[#This Row],[PATENTE]],'MARZO 2025'!$A:$D,4,0) -> 33.845646 | O65: =VLOOKUP(Tabla3[[#This Row],[PATENTE]],'ABRIL 2025'!$A:$D,4,0) -> 35.87094 | P65: =VLOOKUP(Tabla3[[#This Row],[PATENTE]],'MAYO 2025'!$A:$D,4,0) -> 35.880047 | Q65: =VLOOKUP(Tabla3[[#This Row],[PATENTE]],'JUNIO 2025'!$A:$D,4,0) -> 35.396781 | R65: =VLOOKUP(Tabla3[[#This Row],[PATENTE]],'JULIO 2025'!$A:$D,4,0) -> 34.866523 | S65: =VLOOKUP(Tabla3[[#This Row],[PATENTE]],'AGOSTO 2025'!$A:$D,4,0) -> 34.690014 | T65: =VLOOKUP(Tabla3[[#This Row],[PATENTE]],'SEPTIEMBRE 2025'!$A:$D,4,0) -> 33.791989 | U65: =VLOOKUP(Tabla3[[#This Row],[PATENTE]],'OCTUBRE 2025'!$A:$D,4,0) -> 32.918881 | V65: =AVERAGE(D65:U65) -> 34.401617
C67: Promedios | D67: =AVERAGE(D58:D65) -> 34.542267 | E67: =AVERAGE(E58:E65) -> 34.467188 | F67: =AVERAGE(F58:F65) -> 35.288162 | G67: =AVERAGE(G58:G65) -> 35.615939 | H67: =AVERAGE(H58:H65) -> 34.519522 | I67: =AVERAGE(I58:I65) -> 34.874764 | J67: =AVERAGE(J58:J65) -> 34.806439 | K67: =AVERAGE(K58:K65) -> 34.502266 | ... U67: =AVERAGE(U58:U65) -> 34.252145
A69: 33 / 34 | B69: AE629VP | C69: MB 2544 | D69: =VLOOKUP(Tabla3[[#This Row],[PATENTE]],'MAYO 2024'!$A:$D,4,0) -> 37.671021 | E69: =VLOOKUP(Tabla3[[#This Row],[PATENTE]],'JUNIO 2024'!$A:$D,4,0) -> 36.98908 | F69: =VLOOKUP(Tabla3[[#This Row],[PATENTE]],'JULIO 2024'!$A:$D,4,0) -> 38.283123 | G69: =VLOOKUP(Tabla3[[#This Row],[PATENTE]],'AGOSTO 2024'!$A:$D,4,0) -> 40.187477 | H69: =VLOOKUP(Tabla3[[#This Row],[PATENTE]],'SEPTIEMBRE 2024'!$A:$D,4,0) -> 42.399404 | I69: =VLOOKUP(Tabla3[[#This Row],[PATENTE]],'OCTUBRE 2024'!$A:$D,4,0) -> 36.104257 | J69: =VLOOKUP(Tabla3[[#This Row],[PATENTE]],'NOVIEMBRE 2024'!$A:$D,4,0) -> 37.198775 | K69: =VLOOKUP(Tabla3[[#This Row],[PATENTE]],'DICIEMBRE 2024'!$A:$D,4,0) -> 38.539129 | L69: =VLOOKUP(Tabla3[[#This Row],[PATENTE]],'ENERO 2025'!$A:$D,4,0) -> 41.153709 | M69: =VLOOKUP(Tabla3[[#This Row],[PATENTE]],'FEBRERO 2025'!$A:$D,4,0) -> 36.545692 | N69: =VLOOKUP(Tabla3[[#This Row],[PATENTE]],'MARZO 2025'!$A:$D,4,0) -> 37.610553 | O69: =VLOOKUP(Tabla3[[#This Row],[PATENTE]],'ABRIL 2025'!$A:$D,4,0) -> 37.24107 | P69: =VLOOKUP(Tabla3[[#This Row],[PATENTE]],'MAYO 2025'!$A:$D,4,0) -> 37.72732 | Q69: =VLOOKUP(Tabla3[[#This Row],[PATENTE]],'JUNIO 2025'!$A:$D,4,0) -> 33.57126 | R69: =VLOOKUP(Tabla3[[#This Row],[PATENTE]],'JULIO 2025'!$A:$D,4,0) -> 35.26414 | S69: =VLOOKUP(Tabla3[[#This Row],[PATENTE]],'AGOSTO 2025'!$A:$D,4,0) -> 35.424215 | T69: =VLOOKUP(Tabla3[[#This Row],[PATENTE]],'SEPTIEMBRE 2025'!$A:$D,4,0) -> 35.531622 | U69: =VLOOKUP(Tabla3[[#This Row],[PATENTE]],'OCTUBRE 2025'!$A:$D,4,0) -> 34.684449 | V69: =AVERAGE(D69:U69) -> 37.34035
B70: AE887HK | C70: MB 2544 | D70: =VLOOKUP(Tabla3[[#This Row],[PATENTE]],'MAYO 2024'!$A:$D,4,0) -> 35.966736 | E70: =VLOOKUP(Tabla3[[#This Row],[PATENTE]],'JUNIO 2024'!$A:$D,4,0) -> 34.199541 | F70: =VLOOKUP(Tabla3[[#This Row],[PATENTE]],'JULIO 2024'!$A:$D,4,0) -> 36.278388 | G70: =VLOOKUP(Tabla3[[#This Row],[PATENTE]],'AGOSTO 2024'!$A:$D,4,0) -> 37.393057 | H70: =VLOOKUP(Tabla3[[#This Row],[PATENTE]],'SEPTIEMBRE 2024'!$A:$D,4,0) -> 31.714698 | I70: =VLOOKUP(Tabla3[[#This Row],[PATENTE]],'OCTUBRE 2024'!$A:$D,4,0) -> 35.781876 | J70: =VLOOKUP(Tabla3[[#This Row],[PATENTE]],'NOVIEMBRE 2024'!$A:$D,4,0) -> 37.20663 | L70: =VLOOKUP(Tabla3[[#This Row],[PATENTE]],'ENERO 2025'!$A:$D,4,0) -> 38.788899 | M70: =VLOOKUP(Tabla3[[#This Row],[PATENTE]],'FEBRERO 2025'!$A:$D,4,0) -> 39.00008 | N70: =VLOOKUP(Tabla3[[#This Row],[PATENTE]],'MARZO 2025'!$A:$D,4,0) -> 36.512003 | O70: =VLOOKUP(Tabla3[[#This Row],[PATENTE]],'ABRIL 2025'!$A:$D,4,0) -> 36.142608 | P70: =VLOOKUP(Tabla3[[#This Row],[PATENTE]],'MAYO 2025'!$A:$D,4,0) -> 35.176028 | Q70: =VLOOKUP(Tabla3[[#This Row],[PATENTE]],'JUNIO 2025'!$A:$D,4,0) -> 34.671221 | R70: =VLOOKUP(Tabla3[[#This Row],[PATENTE]],'JULIO 2025'!$A:$D,4,0) -> 36.374169 | S70: =VLOOKUP(Tabla3[[#This Row],[PATENTE]],'AGOSTO 2025'!$A:$D,4,0) -> 34.219232 | T70: =VLOOKUP(Tabla3[[#This Row],[PATENTE]],'SEPTIEMBRE 2025'!$A:$D,4,0) -> 35.410219 | U70: =VLOOKUP(Tabla3[[#This Row],[PATENTE]],'OCTUBRE 2025'!$A:$D,4,0) -> 35.137348 | V70: =AVERAGE(D70:U70) -> 35.880749
B71: AE450BO | C71: MB 2544 | D71: =VLOOKUP(Tabla3[[#This Row],[PATENTE]],'MAYO 2024'!$A:$D,4,0) -> 34.744609 | E71: =VLOOKUP(Tabla3[[#This Row],[PATENTE]],'JUNIO 2024'!$A:$D,4,0) -> 34.217399 | F71: =VLOOKUP(Tabla3[[#This Row],[PATENTE]],'JULIO 2024'!$A:$D,4,0) -> 35.128633 | G71: =VLOOKUP(Tabla3[[#This Row],[PATENTE]],'AGOSTO 2024'!$A:$D,4,0) -> 36.201502 | H71: =VLOOKUP(Tabla3[[#This Row],[PATENTE]],'SEPTIEMBRE 2024'!$A:$D,4,0) -> 34.379035 | I71: =VLOOKUP(Tabla3[[#This Row],[PATENTE]],'OCTUBRE 2024'!$A:$D,4,0) -> 34.574763 | J71: =VLOOKUP(Tabla3[[#This Row],[PATENTE]],'NOVIEMBRE 2024'!$A:$D,4,0) -> 35.414647 | K71: =VLOOKUP(Tabla3[[#This Row],[PATENTE]],'DICIEMBRE 2024'!$A:$D,4,0) -> 34.738067 | L71: =VLOOKUP(Tabla3[[#This Row],[PATENTE]],'ENERO 2025'!$A:$D,4,0) -> 34.34672 | M71: =VLOOKUP(Tabla3[[#This Row],[PATENTE]],'FEBRERO 2025'!$A:$D,4,0) -> 35.59083 | N71: =VLOOKUP(Tabla3[[#This Row],[PATENTE]],'MARZO 2025'!$A:$D,4,0) -> 33.89076 | O71: =VLOOKUP(Tabla3[[#This Row],[PATENTE]],'ABRIL 2025'!$A:$D,4,0) -> 35.490093 | P71: =VLOOKUP(Tabla3[[#This Row],[PATENTE]],'MAYO 2025'!$A:$D,4,0) -> 34.21102 | Q71: =VLOOKUP(Tabla3[[#This Row],[PATENTE]],'JUNIO 2025'!$A:$D,4,0) -> 33.603024 | R71: =VLOOKUP(Tabla3[[#This Row],[PATENTE]],'JULIO 2025'!$A:$D,4,0) -> 34.82853 | S71: =VLOOKUP(Tabla3[[#This Row],[PATENTE]],'AGOSTO 2025'!$A:$D,4,0) -> 33.237224 | T71: =VLOOKUP(Tabla3[[#This Row],[PATENTE]],'SEPTIEMBRE 2025'!$A:$D,4,0) -> 34.863414 | U71: =VLOOKUP(Tabla3[[#This Row],[PATENTE]],'OCTUBRE 2025'!$A:$D,4,0) -> 34.755076 | V71: =AVERAGE(D71:U71) -> 34.67863
B72: AE304JJ | C72: MB 2544 | D72: =VLOOKUP(Tabla3[[#This Row],[PATENTE]],'MAYO 2024'!$A:$D,4,0) -> 36.646322 | E72: =VLOOKUP(Tabla3[[#This Row],[PATENTE]],'JUNIO 2024'!$A:$D,4,0) -> 34.438489 | F72: =VLOOKUP(Tabla3[[#This Row],[PATENTE]],'JULIO 2024'!$A:$D,4,0) -> 36.006146 | G72: =VLOOKUP(Tabla3[[#This Row],[PATENTE]],'AGOSTO 2024'!$A:$D,4,0) -> 38.128191 | H72: =VLOOKUP(Tabla3[[#This Row],[PATENTE]],'SEPTIEMBRE 2024'!$A:$D,4,0) -> 36.799983 | I72: =VLOOKUP(Tabla3[[#This Row],[PATENTE]],'OCTUBRE 2024'!$A:$D,4,0) -> 35.020599 | J72: =VLOOKUP(Tabla3[[#This Row],[PATENTE]],'NOVIEMBRE 2024'!$A:$D,4,0) -> 35.783908 | K72: =VLOOKUP(Tabla3[[#This Row],[PATENTE]],'DICIEMBRE 2024'!$A:$D,4,0) -> 36.601281 | L72: =VLOOKUP(Tabla3[[#This Row],[PATENTE]],'ENERO 2025'!$A:$D,4,0) -> 35.795426 | M72: =VLOOKUP(Tabla3[[#This Row],[PATENTE]],'FEBRERO 2025'!$A:$D,4,0) -> 35.55083 | N72: =VLOOKUP(Tabla3[[#This Row],[PATENTE]],'MARZO 2025'!$A:$D,4,0) -> 0 | O72: =VLOOKUP(Tabla3[[#This Row],[PATENTE]],'ABRIL 2025'!$A:$D,4,0) -> 34.442624 | P72: =VLOOKUP(Tabla3[[#This Row],[PATENTE]],'MAYO 2025'!$A:$D,4,0) -> 34.274767 | Q72: =VLOOKUP(Tabla3[[#This Row],[PATENTE]],'JUNIO 2025'!$A:$D,4,0) -> 34.671435 | R72: =VLOOKUP(Tabla3[[#This Row],[PATENTE]],'JULIO 2025'!$A:$D,4,0) -> 33.166001 | S72: =VLOOKUP(Tabla3[[#This Row],[PATENTE]],'AGOSTO 2025'!$A:$D,4,0) -> 40.033683 | T72: =VLOOKUP(Tabla3[[#This Row],[PATENTE]],'SEPTIEMBRE 2025'!$A:$D,4,0) -> 33.315147 | U72: =VLOOKUP(Tabla3[[#This Row],[PATENTE]],'OCTUBRE 2025'!$A:$D,4,0) -> 33.652464 | V72: =AVERAGE(D72:U72) -> 33.573739
B73: AF639AJ | C73: MB 2544 | D73: =VLOOKUP(Tabla3[[#This Row],[PATENTE]],'MAYO 2024'!$A:$D,4,0) -> 36.365869 | E73: =VLOOKUP(Tabla3[[#This Row],[PATENTE]],'JUNIO 2024'!$A:$D,4,0) -> 35.860866 | F73: =VLOOKUP(Tabla3[[#This Row],[PATENTE]],'JULIO 2024'!$A:$D,4,0) -> 35.881967 | G73: =VLOOKUP(Tabla3[[#This Row],[PATENTE]],'AGOSTO 2024'!$A:$D,4,0) -> 35.562785 | H73: =VLOOKUP(Tabla3[[#This Row],[PATENTE]],'SEPTIEMBRE 2024'!$A:$D,4,0) -> 36.397059 | I73: =VLOOKUP(Tabla3[[#This Row],[PATENTE]],'OCTUBRE 2024'!$A:$D,4,0) -> 36.082971 | J73: =VLOOKUP(Tabla3[[#This Row],[PATENTE]],'NOVIEMBRE 2024'!$A:$D,4,0) -> 35.820922 | K73: =VLOOKUP(Tabla3[[#This Row],[PATENTE]],'DICIEMBRE 2024'!$A:$D,4,0) -> 34.017 | L73: =VLOOKUP(Tabla3[[#This Row],[PATENTE]],'ENERO 2025'!$A:$D,4,0) -> 36.328285 | M73: =VLOOKUP(Tabla3[[#This Row],[PATENTE]],'FEBRERO 2025'!$A:$D,4,0) -> 36.649318 | N73: =VLOOKUP(Tabla3[[#This Row],[PATENTE]],'MARZO 2025'!$A:$D,4,0) -> 34.324842 | O73: =VLOOKUP(Tabla3[[#This Row],[PATENTE]],'ABRIL 2025'!$A:$D,4,0) -> 35.081967 | P73: =VLOOKUP(Tabla3[[#This Row],[PATENTE]],'MAYO 2025'!$A:$D,4,0) -> 34.400825 | Q73: =VLOOKUP(Tabla3[[#This Row],[PATENTE]],'JUNIO 2025'!$A:$D,4,0) -> 35.297929 | R73: =VLOOKUP(Tabla3[[#This Row],[PATENTE]],'JULIO 2025'!$A:$D,4,0) -> 33.041895 | S73: =VLOOKUP(Tabla3[[#This Row],[PATENTE]],'AGOSTO 2025'!$A:$D,4,0) -> 33.909857 | T73: =VLOOKUP(Tabla3[[#This Row],[PATENTE]],'SEPTIEMBRE 2025'!$A:$D,4,0) -> 34.963054 | U73: =VLOOKUP(Tabla3[[#This Row],[PATENTE]],'OCTUBRE 2025'!$A:$D,4,0) -> 33.909307 | V73: =AVERAGE(D73:U73) -> 35.216484
B74: AE887HJ | C74: MB 2544 | D74: =VLOOKUP(Tabla3[[#This Row],[PATENTE]],'MAYO 2024'!$A:$D,4,0) -> 36.295017 | E74: =VLOOKUP(Tabla3[[#This Row],[PATENTE]],'JUNIO 2024'!$A:$D,4,0) -> 35.747639 | F74: =VLOOKUP(Tabla3[[#This Row],[PATENTE]],'JULIO 2024'!$A:$D,4,0) -> 37.413863 | G74: =VLOOKUP(Tabla3[[#This Row],[PATENTE]],'AGOSTO 2024'!$A:$D,4,0) -> 37.983014 | H74: =VLOOKUP(Tabla3[[#This Row],[PATENTE]],'SEPTIEMBRE 2024'!$A:$D,4,0) -> 37.620709 | I74: =VLOOKUP(Tabla3[[#This Row],[PATENTE]],'OCTUBRE 2024'!$A:$D,4,0) -> 36.401253 | J74: =VLOOKUP(Tabla3[[#This Row],[PATENTE]],'NOVIEMBRE 2024'!$A:$D,4,0) -> 37.061444 | K74: =VLOOKUP(Tabla3[[#This Row],[PATENTE]],'DICIEMBRE 2024'!$A:$D,4,0) -> 36.056125 | L74: =VLOOKUP(Tabla3[[#This Row],[PATENTE]],'ENERO 2025'!$A:$D,4,0) -> 38.238503 | M74: =VLOOKUP(Tabla3[[#This Row],[PATENTE]],'FEBRERO 2025'!$A:$D,4,0) -> 35.980723 | N74: =VLOOKUP(Tabla3[[#This Row],[PATENTE]],'MARZO 2025'!$A:$D,4,0) -> 32.939287 | V74: =AVERAGE(D74:U74) -> 36.521598
B75: AE418OT | C75: MB 2544 | D75: =VLOOKUP(Tabla3[[#This Row],[PATENTE]],'MAYO 2024'!$A:$D,4,0) -> 35.966692 | E75: =VLOOKUP(Tabla3[[#This Row],[PATENTE]],'JUNIO 2024'!$A:$D,4,0) -> 35.110807 | F75: =VLOOKUP(Tabla3[[#This Row],[PATENTE]],'JULIO 2024'!$A:$D,4,0) -> 36.50747 | G75: =VLOOKUP(Tabla3[[#This Row],[PATENTE]],'AGOSTO 2024'!$A:$D,4,0) -> 39.056063 | H75: =VLOOKUP(Tabla3[[#This Row],[PATENTE]],'SEPTIEMBRE 2024'!$A:$D,4,0) -> 36.488423 | I75: =VLOOKUP(Tabla3[[#This Row],[PATENTE]],'OCTUBRE 2024'!$A:$D,4,0) -> 35.236359 | J75: =VLOOKUP(Tabla3[[#This Row],[PATENTE]],'NOVIEMBRE 2024'!$A:$D,4,0) -> 36.928402 | K75: =VLOOKUP(Tabla3[[#This Row],[PATENTE]],'DICIEMBRE 2024'!$A:$D,4,0) -> 36.18767 | L75: =VLOOKUP(Tabla3[[#This Row],[PATENTE]],'ENERO 2025'!$A:$D,4,0) -> 37.41237 | M75: =VLOOKUP(Tabla3[[#This Row],[PATENTE]],'FEBRERO 2025'!$A:$D,4,0) -> 39.105157 | N75: =VLOOKUP(Tabla3[[#This Row],[PATENTE]],'MARZO 2025'!$A:$D,4,0) -> 36.097269 | O75: =VLOOKUP(Tabla3[[#This Row],[PATENTE]],'ABRIL 2025'!$A:$D,4,0) -> 37.134754 | P75: =VLOOKUP(Tabla3[[#This Row],[PATENTE]],'MAYO 2025'!$A:$D,4,0) -> 38.694286 | Q75: =VLOOKUP(Tabla3[[#This Row],[PATENTE]],'JUNIO 2025'!$A:$D,4,0) -> 32.114085 | R75: =VLOOKUP(Tabla3[[#This Row],[PATENTE]],'JULIO 2025'!$A:$D,4,0) -> 35.43756 | S75: =VLOOKUP(Tabla3[[#This Row],[PATENTE]],'AGOSTO 2025'!$A:$D,4,0) -> 35.086514 | T75: =VLOOKUP(Tabla3[[#This Row],[PATENTE]],'SEPTIEMBRE 2025'!$A:$D,4,0) -> 36.425898 | U75: =VLOOKUP(Tabla3[[#This Row],[PATENTE]],'OCTUBRE 2025'!$A:$D,4,0) -> 31.412251 | V75: =AVERAGE(D75:U75) -> 36.133446
B76: AE418OU | C76: MB 2544 | D76: =VLOOKUP(Tabla3[[#This Row],[PATENTE]],'MAYO 2024'!$A:$D,4,0) -> 34.817034 | E76: =VLOOKUP(Tabla3[[#This Row],[PATENTE]],'JUNIO 2024'!$A:$D,4,0) -> 35.919801 | F76: =VLOOKUP(Tabla3[[#This Row],[PATENTE]],'JULIO 2024'!$A:$D,4,0) -> 34.819627 | G76: =VLOOKUP(Tabla3[[#This Row],[PATENTE]],'AGOSTO 2024'!$A:$D,4,0) -> 35.577904 | H76: =VLOOKUP(Tabla3[[#This Row],[PATENTE]],'SEPTIEMBRE 2024'!$A:$D,4,0) -> 36.466293 | I76: =VLOOKUP(Tabla3[[#This Row],[PATENTE]],'OCTUBRE 2024'!$A:$D,4,0) -> 36.427119 | J76: =VLOOKUP(Tabla3[[#This Row],[PATENTE]],'NOVIEMBRE 2024'!$A:$D,4,0) -> 33.981717 | K76: =VLOOKUP(Tabla3[[#This Row],[PATENTE]],'DICIEMBRE 2024'!$A:$D,4,0) -> 35.458629 | L76: =VLOOKUP(Tabla3[[#This Row],[PATENTE]],'ENERO 2025'!$A:$D,4,0) -> 35.225682 | M76: =VLOOKUP(Tabla3[[#This Row],[PATENTE]],'FEBRERO 2025'!$A:$D,4,0) -> 36.129674 | N76: =VLOOKUP(Tabla3[[#This Row],[PATENTE]],'MARZO 2025'!$A:$D,4,0) -> 35.339157 | O76: =VLOOKUP(Tabla3[[#This Row],[PATENTE]],'ABRIL 2025'!$A:$D,4,0) -> 35.041642 | P76: =VLOOKUP(Tabla3[[#This Row],[PATENTE]],'MAYO 2025'!$A:$D,4,0) -> 35.14338 | Q76: =VLOOKUP(Tabla3[[#This Row],[PATENTE]],'JUNIO 2025'!$A:$D,4,0) -> 34.553915 | R76: =VLOOKUP(Tabla3[[#This Row],[PATENTE]],'JULIO 2025'!$A:$D,4,0) -> 35.396115 | S76: =VLOOKUP(Tabla3[[#This Row],[PATENTE]],'AGOSTO 2025'!$A:$D,4,0) -> 35.187553 | T76: =VLOOKUP(Tabla3[[#This Row],[PATENTE]],'SEPTIEMBRE 2025'!$A:$D,4,0) -> 34.673364 | U76: =VLOOKUP(Tabla3[[#This Row],[PATENTE]],'OCTUBRE 2025'!$A:$D,4,0) -> 34.825468 | V76: =AVERAGE(D76:U76) -> 35.276893
B77: AF193HH | C77: MB 2548 | D77: =VLOOKUP(Tabla3[[#This Row],[PATENTE]],'MAYO 2024'!$A:$D,4,0) -> 34.507249 | E77: =VLOOKUP(Tabla3[[#This Row],[PATENTE]],'JUNIO 2024'!$A:$D,4,0) -> 34.106198 | F77: =VLOOKUP(Tabla3[[#This Row],[PATENTE]],'JULIO 2024'!$A:$D,4,0) -> 33.865731 | G77: =VLOOKUP(Tabla3[[#This Row],[PATENTE]],'AGOSTO 2024'!$A:$D,4,0) -> 34.095315 | H77: =VLOOKUP(Tabla3[[#This Row],[PATENTE]],'SEPTIEMBRE 2024'!$A:$D,4,0) -> 34.797315 | I77: =VLOOKUP(Tabla3[[#This Row],[PATENTE]],'OCTUBRE 2024'!$A:$D,4,0) -> 33.421822 | J77: =VLOOKUP(Tabla3[[#This Row],[PATENTE]],'NOVIEMBRE 2024'!$A:$D,4,0) -> 33.271388 | K77: =VLOOKUP(Tabla3[[#This Row],[PATENTE]],'DICIEMBRE 2024'!$A:$D,4,0) -> 32.851563 | L77: =VLOOKUP(Tabla3[[#This Row],[PATENTE]],'ENERO 2025'!$A:$D,4,0) -> 33.440021 | M77: =VLOOKUP(Tabla3[[#This Row],[PATENTE]],'FEBRERO 2025'!$A:$D,4,0) -> 34.136801 | N77: =VLOOKUP(Tabla3[[#This Row],[PATENTE]],'MARZO 2025'!$A:$D,4,0) -> 32.465343 | O77: =VLOOKUP(Tabla3[[#This Row],[PATENTE]],'ABRIL 2025'!$A:$D,4,0) -> 33.29246 | P77: =VLOOKUP(Tabla3[[#This Row],[PATENTE]],'MAYO 2025'!$A:$D,4,0) -> 32.768605 | Q77: =VLOOKUP(Tabla3[[#This Row],[PATENTE]],'JUNIO 2025'!$A:$D,4,0) -> 33.758279 | R77: =VLOOKUP(Tabla3[[#This Row],[PATENTE]],'JULIO 2025'!$A:$D,4,0) -> 34.467761 | S77: =VLOOKUP(Tabla3[[#This Row],[PATENTE]],'AGOSTO 2025'!$A:$D,4,0) -> 33.639418 | T77: =VLOOKUP(Tabla3[[#This Row],[PATENTE]],'SEPTIEMBRE 2025'!$A:$D,4,0) -> 33.332986 | U77: =VLOOKUP(Tabla3[[#This Row],[PATENTE]],'OCTUBRE 2025'!$A:$D,4,0) -> 33.685684 | V77: =AVERAGE(D77:U77) -> 33.66133
B78: AF639AI | C78: MB 2548 | D78: =VLOOKUP(Tabla3[[#This Row],[PATENTE]],'MAYO 2024'!$A:$D,4,0) -> 35.845086 | E78: =VLOOKUP(Tabla3[[#This Row],[PATENTE]],'JUNIO 2024'!$A:$D,4,0) -> 35.718676 | F78: =VLOOKUP(Tabla3[[#This Row],[PATENTE]],'JULIO 2024'!$A:$D,4,0) -> 38.173285 | G78: =VLOOKUP(Tabla3[[#This Row],[PATENTE]],'AGOSTO 2024'!$A:$D,4,0) -> 35.808037 | H78: =VLOOKUP(Tabla3[[#This Row],[PATENTE]],'SEPTIEMBRE 2024'!$A:$D,4,0) -> 33.962446 | I78: =VLOOKUP(Tabla3[[#This Row],[PATENTE]],'OCTUBRE 2024'!$A:$D,4,0) -> 33.654378 | J78: =VLOOKUP(Tabla3[[#This Row],[PATENTE]],'NOVIEMBRE 2024'!$A:$D,4,0) -> 35.515788 | K78: =VLOOKUP(Tabla3[[#This Row],[PATENTE]],'DICIEMBRE 2024'!$A:$D,4,0) -> 34.60384 | L78: =VLOOKUP(Tabla3[[#This Row],[PATENTE]],'ENERO 2025'!$A:$D,4,0) -> 36.430916 | M78: =VLOOKUP(Tabla3[[#This Row],[PATENTE]],'FEBRERO 2025'!$A:$D,4,0) -> 36.514759 | N78: =VLOOKUP(Tabla3[[#This Row],[PATENTE]],'MARZO 2025'!$A:$D,4,0) -> 34.161817 | O78: =VLOOKUP(Tabla3[[#This Row],[PATENTE]],'ABRIL 2025'!$A:$D,4,0) -> 33.54065 | P78: =VLOOKUP(Tabla3[[#This Row],[PATENTE]],'MAYO 2025'!$A:$D,4,0) -> 36.323331 | Q78: =VLOOKUP(Tabla3[[#This Row],[PATENTE]],'JUNIO 2025'!$A:$D,4,0) -> 34.610525 | R78: =VLOOKUP(Tabla3[[#This Row],[PATENTE]],'JULIO 2025'!$A:$D,4,0) -> 34.080434 | S78: =VLOOKUP(Tabla3[[#This Row],[PATENTE]],'AGOSTO 2025'!$A:$D,4,0) -> 32.012707 | T78: =VLOOKUP(Tabla3[[#This Row],[PATENTE]],'SEPTIEMBRE 2025'!$A:$D,4,0) -> 35.63301 | U78: =VLOOKUP(Tabla3[[#This Row],[PATENTE]],'OCTUBRE 2025'!$A:$D,4,0) -> 31.740806 | V78: =AVERAGE(D78:U78) -> 34.90725
B79: AF369FA | C79: MB 2548 | D79: =VLOOKUP(Tabla3[[#This Row],[PATENTE]],'MAYO 2024'!$A:$D,4,0) -> 34.200707 | E79: =VLOOKUP(Tabla3[[#This Row],[PATENTE]],'JUNIO 2024'!$A:$D,4,0) -> 33.412155 | F79: =VLOOKUP(Tabla3[[#This Row],[PATENTE]],'JULIO 2024'!$A:$D,4,0) -> 34.108805 | G79: =VLOOKUP(Tabla3[[#This Row],[PATENTE]],'AGOSTO 2024'!$A:$D,4,0) -> 36.103188 | H79: =VLOOKUP(Tabla3[[#This Row],[PATENTE]],'SEPTIEMBRE 2024'!$A:$D,4,0) -> 35.451713 | I79: =VLOOKUP(Tabla3[[#This Row],[PATENTE]],'OCTUBRE 2024'!$A:$D,4,0) -> 34.137236 | J79: =VLOOKUP(Tabla3[[#This Row],[PATENTE]],'NOVIEMBRE 2024'!$A:$D,4,0) -> 35.288288 | K79: =VLOOKUP(Tabla3[[#This Row],[PATENTE]],'DICIEMBRE 2024'!$A:$D,4,0) -> 33.809249 | L79: =VLOOKUP(Tabla3[[#This Row],[PATENTE]],'ENERO 2025'!$A:$D,4,0) -> 34.001072 | P79: =VLOOKUP(Tabla3[[#This Row],[PATENTE]],'MAYO 2025'!$A:$D,4,0) -> 32.664152 | Q79: =VLOOKUP(Tabla3[[#This Row],[PATENTE]],'JUNIO 2025'!$A:$D,4,0) -> 34.174677 | R79: =VLOOKUP(Tabla3[[#This Row],[PATENTE]],'JULIO 2025'!$A:$D,4,0) -> 33.953685 | S79: =VLOOKUP(Tabla3[[#This Row],[PATENTE]],'AGOSTO 2025'!$A:$D,4,0) -> 34.543563 | T79: =VLOOKUP(Tabla3[[#This Row],[PATENTE]],'SEPTIEMBRE 2025'!$A:$D,4,0) -> 33.163188 | U79: =VLOOKUP(Tabla3[[#This Row],[PATENTE]],'OCTUBRE 2025'!$A:$D,4,0) -> 33.385234 | V79: =AVERAGE(D79:U79) -> 34.159794
C81: Promedios | D81: =AVERAGE(D69:D79) -> 35.729668 | E81: =AVERAGE(E69:E79) -> 35.065514 | F81: =AVERAGE(F69:F79) -> 36.042458 | G81: =AVERAGE(G69:G79) -> 36.917867 | H81: =AVERAGE(H69:H79) -> 36.043371 | I81: =AVERAGE(I69:I79) -> 35.167512 | J81: =AVERAGE(J69:J79) -> 35.770174 | K81: =AVERAGE(K69:K79) -> 35.286255 | ... U81: =AVERAGE(U69:U79) -> 33.718809
A83: 33 / 34 | B83: AC553WJ | C83: MB ATEGO 1726
B84: OWZ393 | C84: MB ATEGO 1726
B85: AC067WK | C85: MB ATEGO 1726 | D85: =VLOOKUP(Tabla3[[#This Row],[PATENTE]],'MAYO 2024'!$A:$D,4,0) -> 39.742736 | E85: =VLOOKUP(Tabla3[[#This Row],[PATENTE]],'JUNIO 2024'!$A:$D,4,0) -> 37.6263 | F85: =VLOOKUP(Tabla3[[#This Row],[PATENTE]],'JULIO 2024'!$A:$D,4,0) -> 39.605544 | G85: =VLOOKUP(Tabla3[[#This Row],[PATENTE]],'AGOSTO 2024'!$A:$D,4,0) -> 40.842528
B86: AB822NS | C86: MB ATEGO 1726
B87: AF304WT | C87: MB ATEGO 1729 | D87: =VLOOKUP(Tabla3[[#This Row],[PATENTE]],'MAYO 2024'!$A:$D,4,0) -> 36.190529 | E87: =VLOOKUP(Tabla3[[#This Row],[PATENTE]],'JUNIO 2024'!$A:$D,4,0) -> 35.688863 | F87: =VLOOKUP(Tabla3[[#This Row],[PATENTE]],'JULIO 2024'!$A:$D,4,0) -> 36.576312 | G87: =VLOOKUP(Tabla3[[#This Row],[PATENTE]],'AGOSTO 2024'!$A:$D,4,0) -> 37.254269 | H87: =VLOOKUP(Tabla3[[#This Row],[PATENTE]],'SEPTIEMBRE 2024'!$A:$D,4,0) -> 37.314728 | I87: =VLOOKUP(Tabla3[[#This Row],[PATENTE]],'OCTUBRE 2024'!$A:$D,4,0) -> 37.039682 | J87: =VLOOKUP(Tabla3[[#This Row],[PATENTE]],'NOVIEMBRE 2024'!$A:$D,4,0) -> 36.065549 | K87: =VLOOKUP(Tabla3[[#This Row],[PATENTE]],'DICIEMBRE 2024'!$A:$D,4,0) -> 35.552452 | L87: =VLOOKUP(Tabla3[[#This Row],[PATENTE]],'ENERO 2025'!$A:$D,4,0) -> 37.332625 | M87: =VLOOKUP(Tabla3[[#This Row],[PATENTE]],'FEBRERO 2025'!$A:$D,4,0) -> 38.042785 | N87: =VLOOKUP(Tabla3[[#This Row],[PATENTE]],'MARZO 2025'!$A:$D,4,0) -> 35.674662 | P87: =VLOOKUP(Tabla3[[#This Row],[PATENTE]],'MAYO 2025'!$A:$D,4,0) -> 35.146145 | Q87: =VLOOKUP(Tabla3[[#This Row],[PATENTE]],'JUNIO 2025'!$A:$D,4,0) -> 34.404317 | R87: =VLOOKUP(Tabla3[[#This Row],[PATENTE]],'JULIO 2025'!$A:$D,4,0) -> 36.912243 | S87: =VLOOKUP(Tabla3[[#This Row],[PATENTE]],'AGOSTO 2025'!$A:$D,4,0) -> 35.608013 | T87: =VLOOKUP(Tabla3[[#This Row],[PATENTE]],'SEPTIEMBRE 2025'!$A:$D,4,0) -> 37.743188 | U87: =VLOOKUP(Tabla3[[#This Row],[PATENTE]],'OCTUBRE 2025'!$A:$D,4,0) -> 38.498562 | V87: =AVERAGE(D87:U87) -> 36.532054
B88: AG006FV | C88: MB ATEGO 1729 | E88: =VLOOKUP(Tabla3[[#This Row],[PATENTE]],'JUNIO 2024'!$A:$D,4,0) -> 33.906763 | F88: =VLOOKUP(Tabla3[[#This Row],[PATENTE]],'JULIO 2024'!$A:$D,4,0) -> 34.529596 | G88: =VLOOKUP(Tabla3[[#This Row],[PATENTE]],'AGOSTO 2024'!$A:$D,4,0) -> 34.235649 | H88: =VLOOKUP(Tabla3[[#This Row],[PATENTE]],'SEPTIEMBRE 2024'!$A:$D,4,0) -> 33.958664 | I88: =VLOOKUP(Tabla3[[#This Row],[PATENTE]],'OCTUBRE 2024'!$A:$D,4,0) -> 32.941327 | J88: =VLOOKUP(Tabla3[[#This Row],[PATENTE]],'NOVIEMBRE 2024'!$A:$D,4,0) -> 33.118944 | K88: =VLOOKUP(Tabla3[[#This Row],[PATENTE]],'DICIEMBRE 2024'!$A:$D,4,0) -> 34.38391 | L88: =VLOOKUP(Tabla3[[#This Row],[PATENTE]],'ENERO 2025'!$A:$D,4,0) -> 34.677256 | M88: =VLOOKUP(Tabla3[[#This Row],[PATENTE]],'FEBRERO 2025'!$A:$D,4,0) -> 35.444695 | N88: =VLOOKUP(Tabla3[[#This Row],[PATENTE]],'MARZO 2025'!$A:$D,4,0) -> 35.075773 | O88: =VLOOKUP(Tabla3[[#This Row],[PATENTE]],'ABRIL 2025'!$A:$D,4,0) -> 35.333333 | P88: =VLOOKUP(Tabla3[[#This Row],[PATENTE]],'MAYO 2025'!$A:$D,4,0) -> 36.411881 | Q88: =VLOOKUP(Tabla3[[#This Row],[PATENTE]],'JUNIO 2025'!$A:$D,4,0) -> 35.175012 | R88: =VLOOKUP(Tabla3[[#This Row],[PATENTE]],'JULIO 2025'!$A:$D,4,0) -> 35.290771 | V88: =AVERAGE(D88:U88) -> 34.60597
B89: AG006FU | C89: MB ATEGO 1729 | D89: =VLOOKUP(Tabla3[[#This Row],[PATENTE]],'MAYO 2024'!$A:$D,4,0) -> 42.168068 | E89: =VLOOKUP(Tabla3[[#This Row],[PATENTE]],'JUNIO 2024'!$A:$D,4,0) -> 38.012307 | F89: =VLOOKUP(Tabla3[[#This Row],[PATENTE]],'JULIO 2024'!$A:$D,4,0) -> 37.008274 | G89: =VLOOKUP(Tabla3[[#This Row],[PATENTE]],'AGOSTO 2024'!$A:$D,4,0) -> 36.964439 | H89: =VLOOKUP(Tabla3[[#This Row],[PATENTE]],'SEPTIEMBRE 2024'!$A:$D,4,0) -> 38.492875 | I89: =VLOOKUP(Tabla3[[#This Row],[PATENTE]],'OCTUBRE 2024'!$A:$D,4,0) -> 39.347628 | J89: =VLOOKUP(Tabla3[[#This Row],[PATENTE]],'NOVIEMBRE 2024'!$A:$D,4,0) -> 35.619682 | K89: =VLOOKUP(Tabla3[[#This Row],[PATENTE]],'DICIEMBRE 2024'!$A:$D,4,0) -> 38.720114 | L89: =VLOOKUP(Tabla3[[#This Row],[PATENTE]],'ENERO 2025'!$A:$D,4,0) -> 37.748007 | M89: =VLOOKUP(Tabla3[[#This Row],[PATENTE]],'FEBRERO 2025'!$A:$D,4,0) -> 35.484279 | N89: =VLOOKUP(Tabla3[[#This Row],[PATENTE]],'MARZO 2025'!$A:$D,4,0) -> 37.169269 | O89: =VLOOKUP(Tabla3[[#This Row],[PATENTE]],'ABRIL 2025'!$A:$D,4,0) -> 40.115833 | P89: =VLOOKUP(Tabla3[[#This Row],[PATENTE]],'MAYO 2025'!$A:$D,4,0) -> 36.484851 | Q89: =VLOOKUP(Tabla3[[#This Row],[PATENTE]],'JUNIO 2025'!$A:$D,4,0) -> 37.824428 | R89: =VLOOKUP(Tabla3[[#This Row],[PATENTE]],'JULIO 2025'!$A:$D,4,0) -> 36.412731 | S89: =VLOOKUP(Tabla3[[#This Row],[PATENTE]],'AGOSTO 2025'!$A:$D,4,0) -> 36.335376 | T89: =VLOOKUP(Tabla3[[#This Row],[PATENTE]],'SEPTIEMBRE 2025'!$A:$D,4,0) -> 35.5003 | U89: =VLOOKUP(Tabla3[[#This Row],[PATENTE]],'OCTUBRE 2025'!$A:$D,4,0) -> 34.429518 | V89: =AVERAGE(D89:U89) -> 37.435443
B90: AG235ER | C90: MB ATEGO 1729 | D90: =VLOOKUP(Tabla3[[#This Row],[PATENTE]],'MAYO 2024'!$A:$D,4,0) -> 37.719921 | E90: =VLOOKUP(Tabla3[[#This Row],[PATENTE]],'JUNIO 2024'!$A:$D,4,0) -> 36.582334 | F90: =VLOOKUP(Tabla3[[#This Row],[PATENTE]],'JULIO 2024'!$A:$D,4,0) -> 37.622077 | G90: =VLOOKUP(Tabla3[[#This Row],[PATENTE]],'AGOSTO 2024'!$A:$D,4,0) -> 37.689251 | H90: =VLOOKUP(Tabla3[[#This Row],[PATENTE]],'SEPTIEMBRE 2024'!$A:$D,4,0) -> 38.920792 | I90: =VLOOKUP(Tabla3[[#This Row],[PATENTE]],'OCTUBRE 2024'!$A:$D,4,0) -> 35.924605 | J90: =VLOOKUP(Tabla3[[#This Row],[PATENTE]],'NOVIEMBRE 2024'!$A:$D,4,0) -> 35.874619 | K90: =VLOOKUP(Tabla3[[#This Row],[PATENTE]],'DICIEMBRE 2024'!$A:$D,4,0) -> 37.307205 | L90: =VLOOKUP(Tabla3[[#This Row],[PATENTE]],'ENERO 2025'!$A:$D,4,0) -> 36.405686 | M90: =VLOOKUP(Tabla3[[#This Row],[PATENTE]],'FEBRERO 2025'!$A:$D,4,0) -> 37.154715 | N90: =VLOOKUP(Tabla3[[#This Row],[PATENTE]],'MARZO 2025'!$A:$D,4,0) -> 37.028483 | O90: =VLOOKUP(Tabla3[[#This Row],[PATENTE]],'ABRIL 2025'!$A:$D,4,0) -> 36.452197 | P90: =VLOOKUP(Tabla3[[#This Row],[PATENTE]],'MAYO 2025'!$A:$D,4,0) -> 38.251071 | Q90: =VLOOKUP(Tabla3[[#This Row],[PATENTE]],'JUNIO 2025'!$A:$D,4,0) -> 34.980706 | R90: =VLOOKUP(Tabla3[[#This Row],[PATENTE]],'JULIO 2025'!$A:$D,4,0) -> 34.833449 | S90: =VLOOKUP(Tabla3[[#This Row],[PATENTE]],'AGOSTO 2025'!$A:$D,4,0) -> 37.142214 | T90: =VLOOKUP(Tabla3[[#This Row],[PATENTE]],'SEPTIEMBRE 2025'!$A:$D,4,0) -> 38.045906 | U90: =VLOOKUP(Tabla3[[#This Row],[PATENTE]],'OCTUBRE 2025'!$A:$D,4,0) -> 36.814531 | V90: =AVERAGE(D90:U90) -> 36.930542
B91: AG326PH | C91: MB ATEGO 1729 | D91: =VLOOKUP(Tabla3[[#This Row],[PATENTE]],'MAYO 2024'!$A:$D,4,0) -> 34.831005 | E91: =VLOOKUP(Tabla3[[#This Row],[PATENTE]],'JUNIO 2024'!$A:$D,4,0) -> 34.481698 | F91: =VLOOKUP(Tabla3[[#This Row],[PATENTE]],'JULIO 2024'!$A:$D,4,0) -> 34.997407 | G91: =VLOOKUP(Tabla3[[#This Row],[PATENTE]],'AGOSTO 2024'!$A:$D,4,0) -> 36.235011 | H91: =VLOOKUP(Tabla3[[#This Row],[PATENTE]],'SEPTIEMBRE 2024'!$A:$D,4,0) -> 35.900554 | I91: =VLOOKUP(Tabla3[[#This Row],[PATENTE]],'OCTUBRE 2024'!$A:$D,4,0) -> 33.768445 | J91: =VLOOKUP(Tabla3[[#This Row],[PATENTE]],'NOVIEMBRE 2024'!$A:$D,4,0) -> 35.333849 | K91: =VLOOKUP(Tabla3[[#This Row],[PATENTE]],'DICIEMBRE 2024'!$A:$D,4,0) -> 34.765525 | L91: =VLOOKUP(Tabla3[[#This Row],[PATENTE]],'ENERO 2025'!$A:$D,4,0) -> 34.198376 | M91: =VLOOKUP(Tabla3[[#This Row],[PATENTE]],'FEBRERO 2025'!$A:$D,4,0) -> 33.623384 | N91: =VLOOKUP(Tabla3[[#This Row],[PATENTE]],'MARZO 2025'!$A:$D,4,0) -> 35.168296 | O91: =VLOOKUP(Tabla3[[#This Row],[PATENTE]],'ABRIL 2025'!$A:$D,4,0) -> 34.034312 | P91: =VLOOKUP(Tabla3[[#This Row],[PATENTE]],'MAYO 2025'!$A:$D,4,0) -> 34.653576 | V91: =AVERAGE(D91:U91) -> 34.768572
B92: AG326PT | C92: MB ATEGO 1729 | D92: =VLOOKUP(Tabla3[[#This Row],[PATENTE]],'MAYO 2024'!$A:$D,4,0) -> 35.053889 | E92: =VLOOKUP(Tabla3[[#This Row],[PATENTE]],'JUNIO 2024'!$A:$D,4,0) -> 35.646665 | F92: =VLOOKUP(Tabla3[[#This Row],[PATENTE]],'JULIO 2024'!$A:$D,4,0) -> 37.831639 | G92: =VLOOKUP(Tabla3[[#This Row],[PATENTE]],'AGOSTO 2024'!$A:$D,4,0) -> 37.993178 | H92: =VLOOKUP(Tabla3[[#This Row],[PATENTE]],'SEPTIEMBRE 2024'!$A:$D,4,0) -> 35.260023 | I92: =VLOOKUP(Tabla3[[#This Row],[PATENTE]],'OCTUBRE 2024'!$A:$D,4,0) -> 36.018839 | J92: =VLOOKUP(Tabla3[[#This Row],[PATENTE]],'NOVIEMBRE 2024'!$A:$D,4,0) -> 37.383178 | K92: =VLOOKUP(Tabla3[[#This Row],[PATENTE]],'DICIEMBRE 2024'!$A:$D,4,0) -> 35.506191 | L92: =VLOOKUP(Tabla3[[#This Row],[PATENTE]],'ENERO 2025'!$A:$D,4,0) -> 36.945299 | M92: =VLOOKUP(Tabla3[[#This Row],[PATENTE]],'FEBRERO 2025'!$A:$D,4,0) -> 36.277619 | N92: =VLOOKUP(Tabla3[[#This Row],[PATENTE]],'MARZO 2025'!$A:$D,4,0) -> 34.149593 | O92: =VLOOKUP(Tabla3[[#This Row],[PATENTE]],'ABRIL 2025'!$A:$D,4,0) -> 35.118353 | P92: =VLOOKUP(Tabla3[[#This Row],[PATENTE]],'MAYO 2025'!$A:$D,4,0) -> 35.93856 | Q92: =VLOOKUP(Tabla3[[#This Row],[PATENTE]],'JUNIO 2025'!$A:$D,4,0) -> 36.103349 | R92: =VLOOKUP(Tabla3[[#This Row],[PATENTE]],'JULIO 2025'!$A:$D,4,0) -> 35.073208 | S92: =VLOOKUP(Tabla3[[#This Row],[PATENTE]],'AGOSTO 2025'!$A:$D,4,0) -> 35.183109 | T92: =VLOOKUP(Tabla3[[#This Row],[PATENTE]],'SEPTIEMBRE 2025'!$A:$D,4,0) -> 34.29268 | U92: =VLOOKUP(Tabla3[[#This Row],[PATENTE]],'OCTUBRE 2025'!$A:$D,4,0) -> 35.520744 | V92: =AVERAGE(D92:U92) -> 35.849784
B93: AG391BA | C93: MB ATEGO 1729 | D93: =VLOOKUP(Tabla3[[#This Row],[PATENTE]],'MAYO 2024'!$A:$D,4,0) -> 34.750581 | E93: =VLOOKUP(Tabla3[[#This Row],[PATENTE]],'JUNIO 2024'!$A:$D,4,0) -> 33.509763 | F93: =VLOOKUP(Tabla3[[#This Row],[PATENTE]],'JULIO 2024'!$A:$D,4,0) -> 35.25641 | G93: =VLOOKUP(Tabla3[[#This Row],[PATENTE]],'AGOSTO 2024'!$A:$D,4,0) -> 35.076126 | H93: =VLOOKUP(Tabla3[[#This Row],[PATENTE]],'SEPTIEMBRE 2024'!$A:$D,4,0) -> 35.087933 | I93: =VLOOKUP(Tabla3[[#This Row],[PATENTE]],'OCTUBRE 2024'!$A:$D,4,0) -> 34.043584 | J93: =VLOOKUP(Tabla3[[#This Row],[PATENTE]],'NOVIEMBRE 2024'!$A:$D,4,0) -> 34.53012 | K93: =VLOOKUP(Tabla3[[#This Row],[PATENTE]],'DICIEMBRE 2024'!$A:$D,4,0) -> 34.890893 | L93: =VLOOKUP(Tabla3[[#This Row],[PATENTE]],'ENERO 2025'!$A:$D,4,0) -> 34.791319 | M93: =VLOOKUP(Tabla3[[#This Row],[PATENTE]],'FEBRERO 2025'!$A:$D,4,0) -> 33.399712 | N93: =VLOOKUP(Tabla3[[#This Row],[PATENTE]],'MARZO 2025'!$A:$D,4,0) -> 34.471547 | O93: =VLOOKUP(Tabla3[[#This Row],[PATENTE]],'ABRIL 2025'!$A:$D,4,0) -> 34.226747 | P93: =VLOOKUP(Tabla3[[#This Row],[PATENTE]],'MAYO 2025'!$A:$D,4,0) -> 34.530336 | Q93: =VLOOKUP(Tabla3[[#This Row],[PATENTE]],'JUNIO 2025'!$A:$D,4,0) -> 34.991544 | R93: =VLOOKUP(Tabla3[[#This Row],[PATENTE]],'JULIO 2025'!$A:$D,4,0) -> 34.144559 | S93: =VLOOKUP(Tabla3[[#This Row],[PATENTE]],'AGOSTO 2025'!$A:$D,4,0) -> 34.828939 | T93: =VLOOKUP(Tabla3[[#This Row],[PATENTE]],'SEPTIEMBRE 2025'!$A:$D,4,0) -> 34.559015 | U93: =VLOOKUP(Tabla3[[#This Row],[PATENTE]],'OCTUBRE 2025'!$A:$D,4,0) -> 35.171641 | V93: =AVERAGE(D93:U93) -> 34.570043
B94: AG391BB | C94: MB ATEGO 1729 | D94: =VLOOKUP(Tabla3[[#This Row],[PATENTE]],'MAYO 2024'!$A:$D,4,0) -> 35.887685 | E94: =VLOOKUP(Tabla3[[#This Row],[PATENTE]],'JUNIO 2024'!$A:$D,4,0) -> 35.004459 | F94: =VLOOKUP(Tabla3[[#This Row],[PATENTE]],'JULIO 2024'!$A:$D,4,0) -> 36.161675 | G94: =VLOOKUP(Tabla3[[#This Row],[PATENTE]],'AGOSTO 2024'!$A:$D,4,0) -> 36.132125 | H94: =VLOOKUP(Tabla3[[#This Row],[PATENTE]],'SEPTIEMBRE 2024'!$A:$D,4,0) -> 35.637963 | I94: =VLOOKUP(Tabla3[[#This Row],[PATENTE]],'OCTUBRE 2024'!$A:$D,4,0) -> 35.807907 | L94: =VLOOKUP(Tabla3[[#This Row],[PATENTE]],'ENERO 2025'!$A:$D,4,0) -> 36.890584 | M94: =VLOOKUP(Tabla3[[#This Row],[PATENTE]],'FEBRERO 2025'!$A:$D,4,0) -> 38.431306 | N94: =VLOOKUP(Tabla3[[#This Row],[PATENTE]],'MARZO 2025'!$A:$D,4,0) -> 35.49792 | O94: =VLOOKUP(Tabla3[[#This Row],[PATENTE]],'ABRIL 2025'!$A:$D,4,0) -> 35.189639 | P94: =VLOOKUP(Tabla3[[#This Row],[PATENTE]],'MAYO 2025'!$A:$D,4,0) -> 36.094055 | Q94: =VLOOKUP(Tabla3[[#This Row],[PATENTE]],'JUNIO 2025'!$A:$D,4,0) -> 34.65097 | R94: =VLOOKUP(Tabla3[[#This Row],[PATENTE]],'JULIO 2025'!$A:$D,4,0) -> 36.557466 | S94: =VLOOKUP(Tabla3[[#This Row],[PATENTE]],'AGOSTO 2025'!$A:$D,4,0) -> 35.767505 | T94: =VLOOKUP(Tabla3[[#This Row],[PATENTE]],'SEPTIEMBRE 2025'!$A:$D,4,0) -> 36.002301 | U94: =VLOOKUP(Tabla3[[#This Row],[PATENTE]],'OCTUBRE 2025'!$A:$D,4,0) -> 35.775139 | V94: =AVERAGE(D94:U94) -> 35.968044
B95: AG391BC | C95: MB ATEGO 1729 | D95: =VLOOKUP(Tabla3[[#This Row],[PATENTE]],'MAYO 2024'!$A:$D,4,0) -> 36.100746 | E95: =VLOOKUP(Tabla3[[#This Row],[PATENTE]],'JUNIO 2024'!$A:$D,4,0) -> 34.585968 | F95: =VLOOKUP(Tabla3[[#This Row],[PATENTE]],'JULIO 2024'!$A:$D,4,0) -> 36.826783 | G95: =VLOOKUP(Tabla3[[#This Row],[PATENTE]],'AGOSTO 2024'!$A:$D,4,0) -> 37.779672 | H95: =VLOOKUP(Tabla3[[#This Row],[PATENTE]],'SEPTIEMBRE 2024'!$A:$D,4,0) -> 37.654073 | I95: =VLOOKUP(Tabla3[[#This Row],[PATENTE]],'OCTUBRE 2024'!$A:$D,4,0) -> 37.466511 | J95: =VLOOKUP(Tabla3[[#This Row],[PATENTE]],'NOVIEMBRE 2024'!$A:$D,4,0) -> 38.809713 | K95: =VLOOKUP(Tabla3[[#This Row],[PATENTE]],'DICIEMBRE 2024'!$A:$D,4,0) -> 37.638253 | L95: =VLOOKUP(Tabla3[[#This Row],[PATENTE]],'ENERO 2025'!$A:$D,4,0) -> 38.408127 | M95: =VLOOKUP(Tabla3[[#This Row],[PATENTE]],'FEBRERO 2025'!$A:$D,4,0) -> 34.96478 | N95: =VLOOKUP(Tabla3[[#This Row],[PATENTE]],'MARZO 2025'!$A:$D,4,0) -> 36.500691 | O95: =VLOOKUP(Tabla3[[#This Row],[PATENTE]],'ABRIL 2025'!$A:$D,4,0) -> 39.399552 | P95: =VLOOKUP(Tabla3[[#This Row],[PATENTE]],'MAYO 2025'!$A:$D,4,0) -> 36.238836 | Q95: =VLOOKUP(Tabla3[[#This Row],[PATENTE]],'JUNIO 2025'!$A:$D,4,0) -> 36.434562 | R95: =VLOOKUP(Tabla3[[#This Row],[PATENTE]],'JULIO 2025'!$A:$D,4,0) -> 34.128014 | S95: =VLOOKUP(Tabla3[[#This Row],[PATENTE]],'AGOSTO 2025'!$A:$D,4,0) -> 36.603232 | T95: =VLOOKUP(Tabla3[[#This Row],[PATENTE]],'SEPTIEMBRE 2025'!$A:$D,4,0) -> 35.532382 | U95: =VLOOKUP(Tabla3[[#This Row],[PATENTE]],'OCTUBRE 2025'!$A:$D,4,0) -> 36.56042 | V95: =AVERAGE(D95:U95) -> 36.757351
B96: AG391AY | C96: MB ATEGO 1729 | D96: =VLOOKUP(Tabla3[[#This Row],[PATENTE]],'MAYO 2024'!$A:$D,4,0) -> 36.222053 | E96: =VLOOKUP(Tabla3[[#This Row],[PATENTE]],'JUNIO 2024'!$A:$D,4,0) -> 34.944066 | F96: =VLOOKUP(Tabla3[[#This Row],[PATENTE]],'JULIO 2024'!$A:$D,4,0) -> 34.047495 | G96: =VLOOKUP(Tabla3[[#This Row],[PATENTE]],'AGOSTO 2024'!$A:$D,4,0) -> 35.602265 | H96: =VLOOKUP(Tabla3[[#This Row],[PATENTE]],'SEPTIEMBRE 2024'!$A:$D,4,0) -> 36.108339 | I96: =VLOOKUP(Tabla3[[#This Row],[PATENTE]],'OCTUBRE 2024'!$A:$D,4,0) -> 35.779215 | J96: =VLOOKUP(Tabla3[[#This Row],[PATENTE]],'NOVIEMBRE 2024'!$A:$D,4,0) -> 35.383741 | K96: =VLOOKUP(Tabla3[[#This Row],[PATENTE]],'DICIEMBRE 2024'!$A:$D,4,0) -> 36.439028 | L96: =VLOOKUP(Tabla3[[#This Row],[PATENTE]],'ENERO 2025'!$A:$D,4,0) -> 36.109842 | M96: =VLOOKUP(Tabla3[[#This Row],[PATENTE]],'FEBRERO 2025'!$A:$D,4,0) -> 40.848044 | N96: =VLOOKUP(Tabla3[[#This Row],[PATENTE]],'MARZO 2025'!$A:$D,4,0) -> 35.110358 | O96: =VLOOKUP(Tabla3[[#This Row],[PATENTE]],'ABRIL 2025'!$A:$D,4,0) -> 34.23866 | P96: =VLOOKUP(Tabla3[[#This Row],[PATENTE]],'MAYO 2025'!$A:$D,4,0) -> 34.192608 | Q96: =VLOOKUP(Tabla3[[#This Row],[PATENTE]],'JUNIO 2025'!$A:$D,4,0) -> 32.767902 | R96: =VLOOKUP(Tabla3[[#This Row],[PATENTE]],'JULIO 2025'!$A:$D,4,0) -> 34.747948 | S96: =VLOOKUP(Tabla3[[#This Row],[PATENTE]],'AGOSTO 2025'!$A:$D,4,0) -> 34.755817 | T96: =VLOOKUP(Tabla3[[#This Row],[PATENTE]],'SEPTIEMBRE 2025'!$A:$D,4,0) -> 33.406426 | U96: =VLOOKUP(Tabla3[[#This Row],[PATENTE]],'OCTUBRE 2025'!$A:$D,4,0) -> 34.345452 | V96: =AVERAGE(D96:U96) -> 35.280514
B97: AG391AZ | C97: MB ATEGO 1729 | D97: =VLOOKUP(Tabla3[[#This Row],[PATENTE]],'MAYO 2024'!$A:$D,4,0) -> 34.891399 | E97: =VLOOKUP(Tabla3[[#This Row],[PATENTE]],'JUNIO 2024'!$A:$D,4,0) -> 35.349705 | F97: =VLOOKUP(Tabla3[[#This Row],[PATENTE]],'JULIO 2024'!$A:$D,4,0) -> 34.280168 | G97: =VLOOKUP(Tabla3[[#This Row],[PATENTE]],'AGOSTO 2024'!$A:$D,4,0) -> 34.452461 | H97: =VLOOKUP(Tabla3[[#This Row],[PATENTE]],'SEPTIEMBRE 2024'!$A:$D,4,0) -> 33.780898 | I97: =VLOOKUP(Tabla3[[#This Row],[PATENTE]],'OCTUBRE 2024'!$A:$D,4,0) -> 33.485595 | J97: =VLOOKUP(Tabla3[[#This Row],[PATENTE]],'NOVIEMBRE 2024'!$A:$D,4,0) -> 34.678288 | K97: =VLOOKUP(Tabla3[[#This Row],[PATENTE]],'DICIEMBRE 2024'!$A:$D,4,0) -> 35.841231 | L97: =VLOOKUP(Tabla3[[#This Row],[PATENTE]],'ENERO 2025'!$A:$D,4,0) -> 35.989597 | M97: =VLOOKUP(Tabla3[[#This Row],[PATENTE]],'FEBRERO 2025'!$A:$D,4,0) -> 36.820947 | N97: =VLOOKUP(Tabla3[[#This Row],[PATENTE]],'MARZO 2025'!$A:$D,4,0) -> 36.082273 | O97: =VLOOKUP(Tabla3[[#This Row],[PATENTE]],'ABRIL 2025'!$A:$D,4,0) -> 33.07917 | P97: =VLOOKUP(Tabla3[[#This Row],[PATENTE]],'MAYO 2025'!$A:$D,4,0) -> 34.975506 | Q97: =VLOOKUP(Tabla3[[#This Row],[PATENTE]],'JUNIO 2025'!$A:$D,4,0) -> 37.247609 | R97: =VLOOKUP(Tabla3[[#This Row],[PATENTE]],'JULIO 2025'!$A:$D,4,0) -> 34.385606 | S97: =VLOOKUP(Tabla3[[#This Row],[PATENTE]],'AGOSTO 2025'!$A:$D,4,0) -> 36.845512 | T97: =VLOOKUP(Tabla3[[#This Row],[PATENTE]],'SEPTIEMBRE 2025'!$A:$D,4,0) -> 35.205598 | U97: =VLOOKUP(Tabla3[[#This Row],[PATENTE]],'OCTUBRE 2025'!$A:$D,4,0) -> 34.721752 | V97: =AVERAGE(D97:U97) -> 35.117406
B98: AG478GO | C98: MB ATEGO 1729 | D98: =VLOOKUP(Tabla3[[#This Row],[PATENTE]],'MAYO 2024'!$A:$D,4,0) -> 35.232361 | E98: =VLOOKUP(Tabla3[[#This Row],[PATENTE]],'JUNIO 2024'!$A:$D,4,0) -> 34.482456 | F98: =VLOOKUP(Tabla3[[#This Row],[PATENTE]],'JULIO 2024'!$A:$D,4,0) -> 35.375454 | G98: =VLOOKUP(Tabla3[[#This Row],[PATENTE]],'AGOSTO 2024'!$A:$D,4,0) -> 35.216404 | H98: =VLOOKUP(Tabla3[[#This Row],[PATENTE]],'SEPTIEMBRE 2024'!$A:$D,4,0) -> 34.410429 | I98: =VLOOKUP(Tabla3[[#This Row],[PATENTE]],'OCTUBRE 2024'!$A:$D,4,0) -> 34.145777 | J98: =VLOOKUP(Tabla3[[#This Row],[PATENTE]],'NOVIEMBRE 2024'!$A:$D,4,0) -> 33.788555 | K98: =VLOOKUP(Tabla3[[#This Row],[PATENTE]],'DICIEMBRE 2024'!$A:$D,4,0) -> 34.533556 | L98: =VLOOKUP(Tabla3[[#This Row],[PATENTE]],'ENERO 2025'!$A:$D,4,0) -> 35.539966 | M98: =VLOOKUP(Tabla3[[#This Row],[PATENTE]],'FEBRERO 2025'!$A:$D,4,0) -> 37.584119 | N98: =VLOOKUP(Tabla3[[#This Row],[PATENTE]],'MARZO 2025'!$A:$D,4,0) -> 39.308951 | O98: =VLOOKUP(Tabla3[[#This Row],[PATENTE]],'ABRIL 2025'!$A:$D,4,0) -> 38.855456 | P98: =VLOOKUP(Tabla3[[#This Row],[PATENTE]],'MAYO 2025'!$A:$D,4,0) -> 36.257091 | Q98: =VLOOKUP(Tabla3[[#This Row],[PATENTE]],'JUNIO 2025'!$A:$D,4,0) -> 34.791992 | R98: =VLOOKUP(Tabla3[[#This Row],[PATENTE]],'JULIO 2025'!$A:$D,4,0) -> 35.074642 | S98: =VLOOKUP(Tabla3[[#This Row],[PATENTE]],'AGOSTO 2025'!$A:$D,4,0) -> 34.193479 | T98: =VLOOKUP(Tabla3[[#This Row],[PATENTE]],'SEPTIEMBRE 2025'!$A:$D,4,0) -> 34.919139 | U98: =VLOOKUP(Tabla3[[#This Row],[PATENTE]],'OCTUBRE 2025'!$A:$D,4,0) -> 34.933256 | V98: =AVERAGE(D98:U98) -> 35.480171
B99: AG735JL | C99: MB ATEGO 1729 | H99: =VLOOKUP(Tabla3[[#This Row],[PATENTE]],'SEPTIEMBRE 2024'!$A:$D,4,0) -> 36.274862 | I99: =VLOOKUP(Tabla3[[#This Row],[PATENTE]],'OCTUBRE 2024'!$A:$D,4,0) -> 35.980852 | J99: =VLOOKUP(Tabla3[[#This Row],[PATENTE]],'NOVIEMBRE 2024'!$A:$D,4,0) -> 35.430104 | K99: =VLOOKUP(Tabla3[[#This Row],[PATENTE]],'DICIEMBRE 2024'!$A:$D,4,0) -> 34.470254 | L99: =VLOOKUP(Tabla3[[#This Row],[PATENTE]],'ENERO 2025'!$A:$D,4,0) -> 33.617168 | M99: =VLOOKUP(Tabla3[[#This Row],[PATENTE]],'FEBRERO 2025'!$A:$D,4,0) -> 33.977288 | N99: =VLOOKUP(Tabla3[[#This Row],[PATENTE]],'MARZO 2025'!$A:$D,4,0) -> 34.395879 | O99: =VLOOKUP(Tabla3[[#This Row],[PATENTE]],'ABRIL 2025'!$A:$D,4,0) -> 34.142947 | P99: =VLOOKUP(Tabla3[[#This Row],[PATENTE]],'MAYO 2025'!$A:$D,4,0) -> 33.304781 | Q99: =VLOOKUP(Tabla3[[#This Row],[PATENTE]],'JUNIO 2025'!$A:$D,4,0) -> 34.080606 | R99: =VLOOKUP(Tabla3[[#This Row],[PATENTE]],'JULIO 2025'!$A:$D,4,0) -> 34.15976 | S99: =VLOOKUP(Tabla3[[#This Row],[PATENTE]],'AGOSTO 2025'!$A:$D,4,0) -> 33.565563 | T99: =VLOOKUP(Tabla3[[#This Row],[PATENTE]],'SEPTIEMBRE 2025'!$A:$D,4,0) -> 35.179659 | U99: =VLOOKUP(Tabla3[[#This Row],[PATENTE]],'OCTUBRE 2025'!$A:$D,4,0) -> 34.767157 | V99: =AVERAGE(D99:U99) -> 34.524777
B100: AG735JK | C100: MB ATEGO 1729 | H100: =VLOOKUP(Tabla3[[#This Row],[PATENTE]],'SEPTIEMBRE 2024'!$A:$D,4,0) -> 37.972292 | I100: =VLOOKUP(Tabla3[[#This Row],[PATENTE]],'OCTUBRE 2024'!$A:$D,4,0) -> 35.954678 | J100: =VLOOKUP(Tabla3[[#This Row],[PATENTE]],'NOVIEMBRE 2024'!$A:$D,4,0) -> 35.247242 | K100: =VLOOKUP(Tabla3[[#This Row],[PATENTE]],'DICIEMBRE 2024'!$A:$D,4,0) -> 34.954051 | L100: =VLOOKUP(Tabla3[[#This Row],[PATENTE]],'ENERO 2025'!$A:$D,4,0) -> 35.948024 | M100: =VLOOKUP(Tabla3[[#This Row],[PATENTE]],'FEBRERO 2025'!$A:$D,4,0) -> 35.446348 | N100: =VLOOKUP(Tabla3[[#This Row],[PATENTE]],'MARZO 2025'!$A:$D,4,0) -> 34.719091 | O100: =VLOOKUP(Tabla3[[#This Row],[PATENTE]],'ABRIL 2025'!$A:$D,4,0) -> 32.255506 | P100: =VLOOKUP(Tabla3[[#This Row],[PATENTE]],'MAYO 2025'!$A:$D,4,0) -> 33.758761 | Q100: =VLOOKUP(Tabla3[[#This Row],[PATENTE]],'JUNIO 2025'!$A:$D,4,0) -> 34.020418 | R100: =VLOOKUP(Tabla3[[#This Row],[PATENTE]],'JULIO 2025'!$A:$D,4,0) -> 35.979253 | S100: =VLOOKUP(Tabla3[[#This Row],[PATENTE]],'AGOSTO 2025'!$A:$D,4,0) -> 35.611493 | U100: =VLOOKUP(Tabla3[[#This Row],[PATENTE]],'OCTUBRE 2025'!$A:$D,4,0) -> 34.439502 | V100: =AVERAGE(D100:U100) -> 35.100512
B101: AF639AH | C101: MB ATEGO 1729 | D101: =VLOOKUP(Tabla3[[#This Row],[PATENTE]],'MAYO 2024'!$A:$D,4,0) -> 37.387744 | E101: =VLOOKUP(Tabla3[[#This Row],[PATENTE]],'JUNIO 2024'!$A:$D,4,0) -> 37.229943 | F101: =VLOOKUP(Tabla3[[#This Row],[PATENTE]],'JULIO 2024'!$A:$D,4,0) -> 37.284135 | G101: =VLOOKUP(Tabla3[[#This Row],[PATENTE]],'AGOSTO 2024'!$A:$D,4,0) -> 37.854067 | H101: =VLOOKUP(Tabla3[[#This Row],[PATENTE]],'SEPTIEMBRE 2024'!$A:$D,4,0) -> 38.305696 | I101: =VLOOKUP(Tabla3[[#This Row],[PATENTE]],'OCTUBRE 2024'!$A:$D,4,0) -> 36.724906 | J101: =VLOOKUP(Tabla3[[#This Row],[PATENTE]],'NOVIEMBRE 2024'!$A:$D,4,0) -> 36.159267 | K101: =VLOOKUP(Tabla3[[#This Row],[PATENTE]],'DICIEMBRE 2024'!$A:$D,4,0) -> 38.526751 | L101: =VLOOKUP(Tabla3[[#This Row],[PATENTE]],'ENERO 2025'!$A:$D,4,0) -> 39.309831 | M101: =VLOOKUP(Tabla3[[#This Row],[PATENTE]],'FEBRERO 2025'!$A:$D,4,0) -> 37.765717 | N101: =VLOOKUP(Tabla3[[#This Row],[PATENTE]],'MARZO 2025'!$A:$D,4,0) -> 38.287103 | O101: =VLOOKUP(Tabla3[[#This Row],[PATENTE]],'ABRIL 2025'!$A:$D,4,0) -> 37.03745 | P101: =VLOOKUP(Tabla3[[#This Row],[PATENTE]],'MAYO 2025'!$A:$D,4,0) -> 37.113804 | Q101: =VLOOKUP(Tabla3[[#This Row],[PATENTE]],'JUNIO 2025'!$A:$D,4,0) -> 37.600245 | R101: =VLOOKUP(Tabla3[[#This Row],[PATENTE]],'JULIO 2025'!$A:$D,4,0) -> 37.520767 | S101: =VLOOKUP(Tabla3[[#This Row],[PATENTE]],'AGOSTO 2025'!$A:$D,4,0) -> 36.0224 | T101: =VLOOKUP(Tabla3[[#This Row],[PATENTE]],'SEPTIEMBRE 2025'!$A:$D,4,0) -> 36.516692 | U101: =VLOOKUP(Tabla3[[#This Row],[PATENTE]],'OCTUBRE 2025'!$A:$D,4,0) -> 34.875108 | V101: =AVERAGE(D101:U101) -> 37.306757
B102: AG767YX | C102: MB ATEGO 1729 | K102: =VLOOKUP(Tabla3[[#This Row],[PATENTE]],'DICIEMBRE 2024'!$A:$D,4,0) -> 37.274979 | L102: =VLOOKUP(Tabla3[[#This Row],[PATENTE]],'ENERO 2025'!$A:$D,4,0) -> 32.590594 | M102: =VLOOKUP(Tabla3[[#This Row],[PATENTE]],'FEBRERO 2025'!$A:$D,4,0) -> 36.516461 | N102: =VLOOKUP(Tabla3[[#This Row],[PATENTE]],'MARZO 2025'!$A:$D,4,0) -> 37.30997 | O102: =VLOOKUP(Tabla3[[#This Row],[PATENTE]],'ABRIL 2025'!$A:$D,4,0) -> 33.137917 | P102: =VLOOKUP(Tabla3[[#This Row],[PATENTE]],'MAYO 2025'!$A:$D,4,0) -> 36.793167 | Q102: =VLOOKUP(Tabla3[[#This Row],[PATENTE]],'JUNIO 2025'!$A:$D,4,0) -> 38.001218 | R102: =VLOOKUP(Tabla3[[#This Row],[PATENTE]],'JULIO 2025'!$A:$D,4,0) -> 35.721531 | S102: =VLOOKUP(Tabla3[[#This Row],[PATENTE]],'AGOSTO 2025'!$A:$D,4,0) -> 35.132924 | T102: =VLOOKUP(Tabla3[[#This Row],[PATENTE]],'SEPTIEMBRE 2025'!$A:$D,4,0) -> 34.13998 | U102: =VLOOKUP(Tabla3[[#This Row],[PATENTE]],'OCTUBRE 2025'!$A:$D,4,0) -> 35.218012 | V102: =AVERAGE(D102:U102) -> 35.621523
B103: AG920EX | C103: MB ATEGO 1729 | K103: =VLOOKUP(Tabla3[[#This Row],[PATENTE]],'DICIEMBRE 2024'!$A:$D,4,0) -> 37.107153 | L103: =VLOOKUP(Tabla3[[#This Row],[PATENTE]],'ENERO 2025'!$A:$D,4,0) -> 35.650258 | M103: =VLOOKUP(Tabla3[[#This Row],[PATENTE]],'FEBRERO 2025'!$A:$D,4,0) -> 37.561367 | N103: =VLOOKUP(Tabla3[[#This Row],[PATENTE]],'MARZO 2025'!$A:$D,4,0) -> 37.075993 | O103: =VLOOKUP(Tabla3[[#This Row],[PATENTE]],'ABRIL 2025'!$A:$D,4,0) -> 35.377668 | P103: =VLOOKUP(Tabla3[[#This Row],[PATENTE]],'MAYO 2025'!$A:$D,4,0) -> 35.856128 | Q103: =VLOOKUP(Tabla3[[#This Row],[PATENTE]],'JUNIO 2025'!$A:$D,4,0) -> 37.174645 | R103: =VLOOKUP(Tabla3[[#This Row],[PATENTE]],'JULIO 2025'!$A:$D,4,0) -> 37.271022 | S103: =VLOOKUP(Tabla3[[#This Row],[PATENTE]],'AGOSTO 2025'!$A:$D,4,0) -> 33.725849 | T103: =VLOOKUP(Tabla3[[#This Row],[PATENTE]],'SEPTIEMBRE 2025'!$A:$D,4,0) -> 34.892295 | U103: =VLOOKUP(Tabla3[[#This Row],[PATENTE]],'OCTUBRE 2025'!$A:$D,4,0) -> 32.868934 | V103: =AVERAGE(D103:U103) -> 35.86921
B104: AG942BJ | C104: MB ATEGO 1729 | L104: =VLOOKUP(Tabla3[[#This Row],[PATENTE]],'ENERO 2025'!$A:$D,4,0) -> 37.321957 | P104: =VLOOKUP(Tabla3[[#This Row],[PATENTE]],'MAYO 2025'!$A:$D,4,0) -> 35.914476 | Q104: =VLOOKUP(Tabla3[[#This Row],[PATENTE]],'JUNIO 2025'!$A:$D,4,0) -> 35.560114 | R104: =VLOOKUP(Tabla3[[#This Row],[PATENTE]],'JULIO 2025'!$A:$D,4,0) -> 35.864727 | S104: =VLOOKUP(Tabla3[[#This Row],[PATENTE]],'AGOSTO 2025'!$A:$D,4,0) -> 35.163859 | T104: =VLOOKUP(Tabla3[[#This Row],[PATENTE]],'SEPTIEMBRE 2025'!$A:$D,4,0) -> 35.180578 | U104: =VLOOKUP(Tabla3[[#This Row],[PATENTE]],'OCTUBRE 2025'!$A:$D,4,0) -> 37.135027 | V104: =AVERAGE(D104:U104) -> 36.020105
B105: AG960XE | C105: MB ATEGO 1729 | M105: =VLOOKUP(Tabla3[[#This Row],[PATENTE]],'FEBRERO 2025'!$A:$D,4,0) -> 33.492811 | N105: =VLOOKUP(Tabla3[[#This Row],[PATENTE]],'MARZO 2025'!$A:$D,4,0) -> 34.702693 | O105: =VLOOKUP(Tabla3[[#This Row],[PATENTE]],'ABRIL 2025'!$A:$D,4,0) -> 34.499603 | P105: =VLOOKUP(Tabla3[[#This Row],[PATENTE]],'MAYO 2025'!$A:$D,4,0) -> 35.370108 | Q105: =VLOOKUP(Tabla3[[#This Row],[PATENTE]],'JUNIO 2025'!$A:$D,4,0) -> 34.276712 | R105: =VLOOKUP(Tabla3[[#This Row],[PATENTE]],'JULIO 2025'!$A:$D,4,0) -> 34.337635 | S105: =VLOOKUP(Tabla3[[#This Row],[PATENTE]],'AGOSTO 2025'!$A:$D,4,0) -> 34.186677 | T105: =VLOOKUP(Tabla3[[#This Row],[PATENTE]],'SEPTIEMBRE 2025'!$A:$D,4,0) -> 34.549532 | U105: =VLOOKUP(Tabla3[[#This Row],[PATENTE]],'OCTUBRE 2025'!$A:$D,4,0) -> 34.082395 | V105: =AVERAGE(D105:U105) -> 34.388685
B106: AG960XF | C106: MB ATEGO 1729 | M106: =VLOOKUP(Tabla3[[#This Row],[PATENTE]],'FEBRERO 2025'!$A:$D,4,0) -> 34.985291 | N106: =VLOOKUP(Tabla3[[#This Row],[PATENTE]],'MARZO 2025'!$A:$D,4,0) -> 34.303586 | O106: =VLOOKUP(Tabla3[[#This Row],[PATENTE]],'ABRIL 2025'!$A:$D,4,0) -> 33.708578 | P106: =VLOOKUP(Tabla3[[#This Row],[PATENTE]],'MAYO 2025'!$A:$D,4,0) -> 33.292277 | Q106: =VLOOKUP(Tabla3[[#This Row],[PATENTE]],'JUNIO 2025'!$A:$D,4,0) -> 33.919673 | R106: =VLOOKUP(Tabla3[[#This Row],[PATENTE]],'JULIO 2025'!$A:$D,4,0) -> 34.881528 | S106: =VLOOKUP(Tabla3[[#This Row],[PATENTE]],'AGOSTO 2025'!$A:$D,4,0) -> 33.698211 | T106: =VLOOKUP(Tabla3[[#This Row],[PATENTE]],'SEPTIEMBRE 2025'!$A:$D,4,0) -> 32.507665 | U106: =VLOOKUP(Tabla3[[#This Row],[PATENTE]],'OCTUBRE 2025'!$A:$D,4,0) -> 33.614856 | V106: =AVERAGE(D106:U106) -> 33.879074
B107: AB475SV | C107: MB AXOR 1933 | D107: =VLOOKUP(Tabla3[[#This Row],[PATENTE]],'MAYO 2024'!$A:$D,4,0) -> 40.144632 | G107: =VLOOKUP(Tabla3[[#This Row],[PATENTE]],'AGOSTO 2024'!$A:$D,4,0) -> 38.530709 | H107: =VLOOKUP(Tabla3[[#This Row],[PATENTE]],'SEPTIEMBRE 2024'!$A:$D,4,0) -> 37.65194 | I107: =VLOOKUP(Tabla3[[#This Row],[PATENTE]],'OCTUBRE 2024'!$A:$D,4,0) -> 38.4419 | J107: =VLOOKUP(Tabla3[[#This Row],[PATENTE]],'NOVIEMBRE 2024'!$A:$D,4,0) -> 36.233586 | K107: =VLOOKUP(Tabla3[[#This Row],[PATENTE]],'DICIEMBRE 2024'!$A:$D,4,0) -> 35.98299 | L107: =VLOOKUP(Tabla3[[#This Row],[PATENTE]],'ENERO 2025'!$A:$D,4,0) -> 37.663487 | M107: =VLOOKUP(Tabla3[[#This Row],[PATENTE]],'FEBRERO 2025'!$A:$D,4,0) -> 38.021018 | N107: =VLOOKUP(Tabla3[[#This Row],[PATENTE]],'MARZO 2025'!$A:$D,4,0) -> 35.314638 | O107: =VLOOKUP(Tabla3[[#This Row],[PATENTE]],'ABRIL 2025'!$A:$D,4,0) -> 39.791187 | P107: =VLOOKUP(Tabla3[[#This Row],[PATENTE]],'MAYO 2025'!$A:$D,4,0) -> 38.881761 | Q107: =VLOOKUP(Tabla3[[#This Row],[PATENTE]],'JUNIO 2025'!$A:$D,4,0) -> 36.346796 | R107: =VLOOKUP(Tabla3[[#This Row],[PATENTE]],'JULIO 2025'!$A:$D,4,0) -> 36.370695 | S107: =VLOOKUP(Tabla3[[#This Row],[PATENTE]],'AGOSTO 2025'!$A:$D,4,0) -> 39.798606 | T107: =VLOOKUP(Tabla3[[#This Row],[PATENTE]],'SEPTIEMBRE 2025'!$A:$D,4,0) -> 40.271412 | U107: =VLOOKUP(Tabla3[[#This Row],[PATENTE]],'OCTUBRE 2025'!$A:$D,4,0) -> 39.831125 | V107: =AVERAGE(D107:U107) -> 38.07978
B108: AG812AM | C108: MB ATEGO 1729 | K108: =VLOOKUP(Tabla3[[#This Row],[PATENTE]],'DICIEMBRE 2024'!$A:$D,4,0) -> 36.385589 | L108: =VLOOKUP(Tabla3[[#This Row],[PATENTE]],'ENERO 2025'!$A:$D,4,0) -> 36.853745 | M108: =VLOOKUP(Tabla3[[#This Row],[PATENTE]],'FEBRERO 2025'!$A:$D,4,0) -> 35.135564 | N108: =VLOOKUP(Tabla3[[#This Row],[PATENTE]],'MARZO 2025'!$A:$D,4,0) -> 37.01833 | O108: =VLOOKUP(Tabla3[[#This Row],[PATENTE]],'ABRIL 2025'!$A:$D,4,0) -> 36.454412 | P108: =VLOOKUP(Tabla3[[#This Row],[PATENTE]],'MAYO 2025'!$A:$D,4,0) -> 35.973328 | Q108: =VLOOKUP(Tabla3[[#This Row],[PATENTE]],'JUNIO 2025'!$A:$D,4,0) -> 36.708853 | R108: =VLOOKUP(Tabla3[[#This Row],[PATENTE]],'JULIO 2025'!$A:$D,4,0) -> 37.729147 | S108: =VLOOKUP(Tabla3[[#This Row],[PATENTE]],'AGOSTO 2025'!$A:$D,4,0) -> 32.787415 | T108: =VLOOKUP(Tabla3[[#This Row],[PATENTE]],'SEPTIEMBRE 2025'!$A:$D,4,0) -> 34.000056 | U108: =VLOOKUP(Tabla3[[#This Row],[PATENTE]],'OCTUBRE 2025'!$A:$D,4,0) -> 34.203153 | V108: =AVERAGE(D108:U108) -> 35.749963
C111: Promedios | D111: =AVERAGE(D83:D109) -> 36.880239 | E111: =AVERAGE(E83:E109) -> 35.503664 | F111: =AVERAGE(F83:F109) -> 36.243069 | G111: =AVERAGE(G83:G109) -> 36.790544 | H111: =AVERAGE(H83:H109) -> 36.420754 | I111: =AVERAGE(I83:I109) -> 35.804466 | J111: =AVERAGE(J83:J109) -> 35.577096 | K111: =AVERAGE(K83:K109) -> 36.126674 | ... R111: =AVERAGE(R83:R109) -> 35.590319 | S111: 35.04 | T111: 36.04 | U111: 37.04
A113: 33 | B113: LTL641 | C113: RENAULT 380 | D113: =VLOOKUP(Tabla3[[#This Row],[PATENTE]],'MAYO 2024'!$A:$D,4,0) -> 36.744996 | E113: =VLOOKUP(Tabla3[[#This Row],[PATENTE]],'JUNIO 2024'!$A:$D,4,0) -> 36.570189 | F113: =VLOOKUP(Tabla3[[#This Row],[PATENTE]],'JULIO 2024'!$A:$D,4,0) -> 38.787165 | G113: =VLOOKUP(Tabla3[[#This Row],[PATENTE]],'AGOSTO 2024'!$A:$D,4,0) -> 39.986733 | H113: =VLOOKUP(Tabla3[[#This Row],[PATENTE]],'SEPTIEMBRE 2024'!$A:$D,4,0) -> 38.70682 | I113: =VLOOKUP(Tabla3[[#This Row],[PATENTE]],'OCTUBRE 2024'!$A:$D,4,0) -> 36.213504 | J113: =VLOOKUP(Tabla3[[#This Row],[PATENTE]],'NOVIEMBRE 2024'!$A:$D,4,0) -> 36.421375 | K113: =VLOOKUP(Tabla3[[#This Row],[PATENTE]],'DICIEMBRE 2024'!$A:$D,4,0) -> 40.533521 | L113: =VLOOKUP(Tabla3[[#This Row],[PATENTE]],'ENERO 2025'!$A:$D,4,0) -> 37.35007 | M113: =VLOOKUP(Tabla3[[#This Row],[PATENTE]],'FEBRERO 2025'!$A:$D,4,0) -> 36.175384 | N113: =VLOOKUP(Tabla3[[#This Row],[PATENTE]],'MARZO 2025'!$A:$D,4,0) -> 34.816216 | O113: =VLOOKUP(Tabla3[[#This Row],[PATENTE]],'ABRIL 2025'!$A:$D,4,0) -> 35.963169 | P113: =VLOOKUP(Tabla3[[#This Row],[PATENTE]],'MAYO 2025'!$A:$D,4,0) -> 35.411659 | Q113: =VLOOKUP(Tabla3[[#This Row],[PATENTE]],'JUNIO 2025'!$A:$D,4,0) -> 35.591194 | R113: =VLOOKUP(Tabla3[[#This Row],[PATENTE]],'JULIO 2025'!$A:$D,4,0) -> 34.442535 | S113: =VLOOKUP(Tabla3[[#This Row],[PATENTE]],'AGOSTO 2025'!$A:$D,4,0) -> 37.306391 | T113: =VLOOKUP(Tabla3[[#This Row],[PATENTE]],'SEPTIEMBRE 2025'!$A:$D,4,0) -> 36.362279 | U113: =VLOOKUP(Tabla3[[#This Row],[PATENTE]],'OCTUBRE 2025'!$A:$D,4,0) -> 38.505701 | V113: =AVERAGE(D113:U113) -> 36.993828
B114: MKQ926 | C114: RENAULT 380 | D114: =VLOOKUP(Tabla3[[#This Row],[PATENTE]],'MAYO 2024'!$A:$D,4,0) -> 36.685891 | E114: =VLOOKUP(Tabla3[[#This Row],[PATENTE]],'JUNIO 2024'!$A:$D,4,0) -> 38.863833 | F114: =VLOOKUP(Tabla3[[#This Row],[PATENTE]],'JULIO 2024'!$A:$D,4,0) -> 38.54251 | G114: =VLOOKUP(Tabla3[[#This Row],[PATENTE]],'AGOSTO 2024'!$A:$D,4,0) -> 38.007515 | H114: =VLOOKUP(Tabla3[[#This Row],[PATENTE]],'SEPTIEMBRE 2024'!$A:$D,4,0) -> 37.272007 | I114: =VLOOKUP(Tabla3[[#This Row],[PATENTE]],'OCTUBRE 2024'!$A:$D,4,0) -> 35.282458 | J114: =VLOOKUP(Tabla3[[#This Row],[PATENTE]],'NOVIEMBRE 2024'!$A:$D,4,0) -> 35.84856 | K114: =VLOOKUP(Tabla3[[#This Row],[PATENTE]],'DICIEMBRE 2024'!$A:$D,4,0) -> 37.129242 | L114: =VLOOKUP(Tabla3[[#This Row],[PATENTE]],'ENERO 2025'!$A:$D,4,0) -> 35.623326 | M114: =VLOOKUP(Tabla3[[#This Row],[PATENTE]],'FEBRERO 2025'!$A:$D,4,0) -> 35.766798 | N114: =VLOOKUP(Tabla3[[#This Row],[PATENTE]],'MARZO 2025'!$A:$D,4,0) -> 38.521561 | O114: =VLOOKUP(Tabla3[[#This Row],[PATENTE]],'ABRIL 2025'!$A:$D,4,0) -> 34.432495 | P114: =VLOOKUP(Tabla3[[#This Row],[PATENTE]],'MAYO 2025'!$A:$D,4,0) -> 34.424844 | Q114: =VLOOKUP(Tabla3[[#This Row],[PATENTE]],'JUNIO 2025'!$A:$D,4,0) -> 35.841446 | R114: =VLOOKUP(Tabla3[[#This Row],[PATENTE]],'JULIO 2025'!$A:$D,4,0) -> 35.245228 | S114: =VLOOKUP(Tabla3[[#This Row],[PATENTE]],'AGOSTO 2025'!$A:$D,4,0) -> 36.035193 | T114: =VLOOKUP(Tabla3[[#This Row],[PATENTE]],'SEPTIEMBRE 2025'!$A:$D,4,0) -> 34.035885 | U114: =VLOOKUP(Tabla3[[#This Row],[PATENTE]],'OCTUBRE 2025'!$A:$D,4,0) -> 35.261406 | V114: =AVERAGE(D114:U114) -> 36.267789
...

Sheet NOVIEMBRE
E1: OCTUBRE
B2: Etiquetas de fila | C2: Suma de TOTAL LITROS TRAMO | D2: Suma de TOTAL KM TRAMO | E2: Promedio de Prom Consumo Lts/100 Km
B3: LLN462 | C3: 6482 | D3: 14304 | E3: 45.31176
B4: AC308BP | C4: 2420 | D4: 5422 | E4: 44.646534
B5: AC399IS | C5: 4839 | D5: 10901 | E5: 44.384144
B6: PNH 467 | C6: 3846 | D6: 8729 | E6: 44.043689
B7: OUS051 | C7: 3608 | D7: 8259 | E7: 43.696108
B8: AC399IT | C8: 1388 | D8: 3196 | E8: 43.429287
B9: NZB192 | C9: 6738 | D9: 15433 | E9: 43.405451
B10: PNH 473 | C10: 1270 | D10: 2934 | E10: 43.285617
B11: LLA869 | C11: 1206 | D11: 2857 | E11: 42.212111
B12: AA790QD | C12: 4399 | D12: 10545 | E12: 42.076566
B13: OYE471 | C13: 4580 | D13: 10951 | E13: 41.829532
B14: AC576YK | C14: 3508 | D14: 8405 | E14: 41.824331
... B83: AE304JJ | C83: 3932 | D83: 11487 | E83: 34.222382
B84: HKG178
B85: JDJ074
B86: GWS453
B87: AC556ET
B88: HNO082
B89: SKQ590
B90: EGU396
B91: AF285JC
B92: AE 598 XI
B93: JLI103
B94: EEI676
B95: OEV679
... B103: AF072OO
B104: Total general | C104: 409469 | D104: 1039721 | E104: #DIV/0!

Sheet CAMIONES
B1: Chofer | C1: DIA | D1: HORA | E1: MES | F1: ESTACION DE CARGA | G1: LOCALIDAD DE LA ESTACION DE CARGA | H1: Patente | I1: TOTAL LITROS | J1: Km TOTAL Carga Anterior | K1: KM PARCIAL | L1: KM TOTAL | M1: Prom Consumo Lts/100 Km
B2: AGUILAR, FABIAN | C2: 44680 | D2: 0.80743056 | F2: OPESSA SALADILLO | G2: SALADILLO | H2: AC 576 ZI | I2: 208.19 | J2: 0 | K2: =+L2-J2 -> 1241.58 | L2: 1241.58 | M2: =I2/K2*100 -> 16.76815 | O2: Benitez Omar | Q2: 07_JULIO | R2: AB 471 NT
B3: ANDINO ALDO, ANIBAL | C3: 44680 | D3: 0.45212963 | F3: PETACCIO ROBERTO LUIS | G3: URQUIZA | H3: AB398KK | I3: =135.08+161.03 -> 296.11 | J3: 0 | K3: =+L3-J3 -> 902 | L3: 902 | M3: =I3/L3*100 -> 32.82816 | O3: Aguilar | P3: YA | Q3: 01_ENERO | R3: AA 581 DZ | S3: YPF ACA ZARATE
B4: ARGUELLO, JORGE SEBASTIAN | C4: 44680 | D4: 0.83865741 | F4: EL PARADOR DE MERCEDES SA | G4: MERCEDES | H4: LLA868 | I4: =150+200 -> 350 | J4: 0 | K4: =+L4-J141 -> -723207 | L4: 1185 | M4: =I4/K4*100 -> -0.048395549 | O4: Figueroa Elias | R4: AC 576 YM
B5: BATET, JUAN | C5: 44680 | D5: 0.4583912 | F5: CASA ALARCIA S A C I F I A G | G5: MACACHIN | H5: OIA800 | I5: 224.71 | J5: 0 | K5: =+L5-J141 -> -723885 | L5: 507 | M5: =I5/K5*100 -> -0.031042224 | O5: Bueno Micaela | Q5: 12_DICIEMBRE | R5: AB 475 TH
B6: AGUILAR, FABIAN | C6: 44574 | D6: 0.42434028 | E6: 01_ENERO | F6: CASA ALARCIA S A C I F I A G | G6: MACACHIN | H6: AC576ZI | I6: 100 | J6: 0 | K6: =+L6-J6 -> 890.39 | L6: 890.39 | M6: =I6/K6*100 -> 11.231034
B7: AGUILAR, FABIAN | C7: 44574 | D7: 0.51077546 | E7: 01_ENERO | F7: GRUPO NORTE SRL. | G7: PARAJE PADRE BUODO | H7: AC576ZI | I7: 311.46 | J7: 0 | K7: =+L7-J7 -> 76.25 | L7: 76.25 | M7: =I7/K7*100 -> 408.47213
B8: AGUILAR, FABIAN | C8: 44575 | D8: 0.52619213 | E8: 01_ENERO | F8: GLOBAL OIL SRL | G8: AÑELO | H8: AC576ZI | I8: 248.84 | J8: 0 | K8: =+L8-J8 -> 551.56 | L8: 551.56 | M8: =I8/K8*100 -> 45.115672
B9: AGUILAR, FABIAN | C9: 44576 | D9: 0.47587963 | E9: 01_ENERO | F9: HERNANDO HNOS S A | G9: LOMA NEGRA | H9: AC576ZI | I9: 282.67 | J9: 467426 | K9: =+L9-J9 -> 656 | L9: 468082 | M9: =I9/K9*100 -> 43.089939
B10: AGUILAR, FABIAN | C10: 44578 | D10: 0.64178241 | E10: 01_ENERO | F10: OPESSA ZARATE | G10: ZARATE | H10: AC576ZI | I10: 236.22 | J10: 468082 | K10: =+L10-J10 -> 532 | L10: 468614 | M10: =I10/K10*100 -> 44.402256
B11: AGUILAR, FABIAN | C11: 44580 | D11: 0.49394676 | E11: 01_ENERO | F11: GRUPO NORTE SRL. | G11: PARAJE PADRE BUODO | H11: AC576ZI | I11: 345.29 | J11: 0 | K11: =+L11-J11 -> 862.57 | L11: 862.57 | M11: =I11/K11*100 -> 40.030374
B12: AGUILAR, FABIAN | C12: 44580 | D12: 0.98446759 | E12: 01_ENERO | F12: GLOBAL OIL SRL | G12: AÑELO | H12: AC576ZI | I12: 248.83 | J12: 0 | K12: =+L12-J12 -> 548.65 | L12: 548.65 | M12: =I12/K12*100 -> 45.35314
B13: AGUILAR, FABIAN | C13: 44582 | D13: 0.33019676 | E13: 01_ENERO | F13: HERNANDO HNOS S A | G13: LOMA NEGRA | H13: AC576ZI | I13: 274.01 | J13: 0 | K13: =+L13-J13 -> 970.79 | L13: 970.79 | M13: =I13/K13*100 -> 28.225466
B14: AGUILAR, FABIAN | C14: 44583 | D14: 0.52375 | E14: 01_ENERO | F14: OPESSA ZARATE | G14: ZARATE | H14: AC576ZI | I14: 217.34 | J14: 471015 | K14: =+L14-J14 -> 508 | L14: 471523 | M14: =I14/K14*100 -> 42.783465
B15: AGUILAR, FABIAN | C15: 44584 | D15: 0.74047454 | E15: 01_ENERO | F15: GRUPO NORTE SRL. | G15: PARAJE PADRE BUODO | H15: AC576ZI | I15: 329.88 | J15: 471523 | K15: =+L15-J15 -> 841 | L15: 472364 | M15: =I15/K15*100 -> 39.224732
B16: AGUILAR, FABIAN | C16: 44586 | D16: 0.28987269 | E16: 01_ENERO | F16: GRUPO NORTE SRL. | G16: PARAJE PADRE BUODO | H16: AC576ZI | I16: 383.15 | J16: 472364 | K16: =+L16-J16 -> 1130 | L16: 473494 | M16: =I16/K16*100 -> 33.90708
B17: AGUILAR, FABIAN | C17: 44587 | D17: 0.48822917 | E17: 01_ENERO | F17: OPESSA ZARATE | G17: ZARATE | H17: AC576ZI | I17: 317.08 | J17: 0 | K17: =+L17-J17 -> 915.285 | L17: 915.285 | M17: =I17/K17*100 -> 34.642762
... B21: AGUILAR, FABIAN | C21: 44591 | D21: 0.81003472 | E21: 01_ENERO | F21: GEN SOCIEDAD DE RESP. LIMITADA | G21: CATRIEL | H21: AC576ZI | I21: 372.02 | J21: 0 | K21: =+L21-J21 -> 969.31 | L21: 969.31 | M21: =I21/K21*100 -> 38.379878
A22: 562 | B22: AGUILAR, FABIAN | C22: 44593 | D22: 0.33804398 | E22: 02_FEBRERO | F22: AGENTES ROMERO SA | G22: SALADILLO | H22: AC576ZI | I22: 298.08 | J22: 0 | K22: =+L22-J22 -> 1003.75 | L22: 1003.75 | M22: =I22/K22*100 -> 29.696638
A23: 563 | B23: AGUILAR, FABIAN | C23: 44594 | D23: 0.80856481 | E23: 02_FEBRERO | F23: BERAZA Y CIA S R L | G23: ALBERTI | H23: AC576ZI | I23: 260.02 | J23: 0 | K23: =+L23-J23 -> 662.71 | L23: 662.71 | M23: =I23/K23*100 -> 39.235865
A24: 564 | B24: AGUILAR, FABIAN | C24: 44595 | D24: 0.65070602 | E24: 02_FEBRERO | F24: GRUPO NORTE SRL. | G24: PARAJE PADRE BUODO | H24: AC576ZI | I24: 208.22 | J24: 0 | K24: =+L24-J24 -> 505.38 | L24: 505.38 | M24: =I24/K24*100 -> 41.200681
A25: 565 | B25: AGUILAR, FABIAN | C25: 44596 | D25: 0.43986111 | E25: 02_FEBRERO | F25: GLOBAL OIL SRL | G25: AÑELO | H25: AC576ZI | I25: 265 | J25: 0 | K25: =+L25-J25 -> 549.79 | L25: 549.79 | M25: =I25/K25*100 -> 48.200222
A26: 566 | B26: AGUILAR, FABIAN | C26: 44597 | D26: 0.59572917 | E26: 02_FEBRERO | F26: NG EL LIBERTADOR SRL | G26: GRAL.ALVEAR | H26: AC576ZI | I26: 335.22 | J26: 0 | K26: =+L26-J26 -> 1050.2 | L26: 1050.2 | M26: =I26/K26*100 -> 31.919634
A27: 567 | B27: AGUILAR, FABIAN | C27: 44598 | D27: 0.65141204 | E27: 02_FEBRERO | F27: GLOBAL OIL SRL | G27: AÑELO | H27: AC576ZI | I27: 250.01 | J27: 0 | K27: =+L27-J27 -> 577.33 | L27: 577.33 | M27: =I27/K27*100 -> 43.304523
A28: 568 | B28: AGUILAR, FABIAN | C28: 44600 | D28: 0.59210648 | E28: 02_FEBRERO | F28: ZITO Y PRIOLA SRL | G28: HINOJO | H28: AC576ZI | I28: 380 | J28: 0 | K28: =+L28-J28 -> 1081.93 | L28: 1081.93 | M28: =I28/K28*100 -> 35.12242
A29: 569 | B29: AGUILAR, FABIAN | C29: 44602 | D29: 0.34640046 | E29: 02_FEBRERO | F29: PETROGUAZZ SA | G29: 9 DE JULIO | H29: AC576ZI | I29: 308 | J29: 0 | K29: =+L29-J29 -> 724.55 | L29: 724.55 | M29: =I29/K29*100 -> 42.509144
A30: 570 | B30: AGUILAR, FABIAN | C30: 44602 | D30: 0.68996528 | E30: 02_FEBRERO | F30: GRUPO NORTE SRL. | G30: PARAJE PADRE BUODO | H30: AC576ZI | I30: 179.95 | J30: 0 | K30: =+L30-J30 -> 430.7 | L30: 430.7 | M30: =I30/K30*100 -> 41.780822
A31: 571 | B31: AGUILAR, FABIAN | C31: 44603 | D31: 0.59024306 | E31: 02_FEBRERO | F31: GLOBAL OIL SRL | G31: AÑELO | H31: AC576ZI | I31: 238.14 | J31: 0 | K31: =+L31-J31 -> 551.41 | L31: 551.41 | M31: =I31/K31*100 -> 43.187465
A32: 572 | B32: AGUILAR, FABIAN | C32: 44604 | D32: 0.48744213 | E32: 02_FEBRERO | F32: HERNANDO HNOS S A | G32: LOMA NEGRA | H32: AC576ZI | I32: 289.04 | J32: 0 | K32: =+L32-J32 -> 967.97 | L32: 967.97 | M32: =I32/K32*100 -> 29.86043
A33: 573 | B33: AGUILAR, FABIAN | C33: 44606 | D33: 0.42655093 | E33: 02_FEBRERO | F33: TIERRA DE OPORTUNIDADES S.A. | G33: CAÑUELAS | H33: AC576ZI | I33: 284.59 | J33: 0 | K33: =+L33-J33 -> 750.75 | L33: 750.75 | M33: =I33/K33*100 -> 37.907426
... A47: 1620 | B47: AGUILAR, FABIAN | C47: 44638 | D47: 0.73393519 | E47: 03_MARZO | F47: GEN SOCIEDAD DE RESP. LIMITADA | G47: CATRIEL | H47: AC576ZI | I47: 139 | J47: 0 | K47: =+L47-J47 -> 363.55 | L47: 363.55 | M47: =I47/K47*100 -> 38.234081
A48: 1621 | B48: AGUILAR, FABIAN | C48: 44640 | D48: 0.43158565 | E48: 03_MARZO | F48: OPESSA SALADILLO | G48: SALADILLO | H48: AC576ZI | I48: =50.03+274.3 -> 324.33 | J48: 0 | K48: =+L48-J48 -> 1018.17 | L48: 1018.17 | M48: =I48/K48*100 -> 31.854209
A49: 1622 | B49: AGUILAR, FABIAN | C49: 44643 | D49: 0.39670139 | E49: 03_MARZO | F49: EL PARADOR DE MERCEDES SA | G49: MERCEDES | H49: AC576ZI | I49: 150.59 | J49: 0 | K49: =+L49-J49 -> 1085.87 | L49: 1085.87 | M49: =I49/K49*100 -> 13.868143
A50: 1623 | B50: AGUILAR, FABIAN | C50: 44643 | D50: 0.64821759 | E50: 03_MARZO | F50: GALAN MARIA CRISTINA | G50: PELLEGRINI | H50: AC576ZI | I50: 100.01 | J50: 0 | K50: =+L50-J50 -> 388.5 | L50: 388.5 | M50: =I50/K50*100 -> 25.7426
A51: 1624 | B51: AGUILAR, FABIAN | C51: 44643 | D51: 0.92122685 | E51: 03_MARZO | F51: CASA ALARCIA S A C I F I A G | G51: MACACHIN | H51: AC576ZI | I51: 365.41 | J51: 0 | K51: =+L51-J51 -> 123.17 | L51: 123.17 | M51: =I51/K51*100 -> 296.67127
A52: 1625 | B52: AGUILAR, FABIAN | C52: 44645 | D52: 0.40145833 | E52: 03_MARZO | F52: GRUPO NORTE SRL. | G52: PARAJE PADRE BUODO | H52: AC576ZI | I52: 427.16 | J52: 0 | K52: =+L52-J52 -> 961.3 | L52: 961.3 | M52: =I52/K52*100 -> 44.43566
A53: 1626 | B53: AGUILAR, FABIAN | C53: 44645 | D53: 0.98539352 | E53: 03_MARZO | F53: OPESSA SALADILLO | G53: SALADILLO | H53: AC576ZI | I53: 234.67 | J53: 0 | K53: =+L53-J53 -> 672.78 | L53: 672.78 | M53: =I53/K53*100 -> 34.880644
A54: 1627 | B54: AGUILAR, FABIAN | C54: 44648 | D54: 0.61969907 | E54: 03_MARZO | F54: PETROGUAZZ SA | G54: 9 DE JULIO | H54: AC576ZI | I54: 150.89 | J54: 0 | K54: =+L54-J54 -> 851.87 | L54: 851.87 | M54: =I54/K54*100 -> 17.712797
A55: 1628 | B55: AGUILAR, FABIAN | C55: 44648 | D55: 0.89145833 | E55: 03_MARZO | F55: GALAN MARIA CRISTINA | G55: PELLEGRINI | H55: AC576ZI | I55: 100 | J55: 0 | K55: =+L55-J55 -> 231.75 | L55: 231.75 | M55: =I55/K55*100 -> 43.149946
A56: 1629 | B56: AGUILAR, FABIAN | C56: 44648 | D56: 0.96674769 | E56: 03_MARZO | F56: CASA ALARCIA S A C I F I A G | G56: MACACHIN | H56: AC576ZI | I56: 222.43 | J56: 0 | K56: =+L56-J56 -> 123.61 | L56: 123.61 | M56: =I56/K56*100 -> 179.94499
A57: 1630 | B57: AGUILAR, FABIAN | C57: 44650 | D57: 0.43659722 | E57: 03_MARZO | F57: GEN SOCIEDAD DE RESP. LIMITADA | G57: CATRIEL | H57: AC576ZI | I57: 200 | J57: 0 | K57: =+L57-J57 -> 771.57 | L57: 771.57 | M57: =I57/K57*100 -> 25.921174
A58: 1631 | B58: AGUILAR, FABIAN | C58: 44651 | D58: 0.55875 | E58: 03_MARZO | F58: SANOGUERA ELIDA FRANCISCA | G58: MONTE COMAN | H58: AC576ZI | I58: 369.31 | J58: 0 | K58: =+L58-J58 -> 724.21 | L58: 724.21 | M58: =I58/K58*100 -> 50.994877
A59: 2637 | B59: AGUILAR, FABIAN | C59: 44652 | D59: 0.63351852 | E59: 04_ABRIL | F59: ACA CIPOLLETTI | G59: CIPOLLETTI | H59: AC576ZI | I59: 285.9 | J59: 0 | K59: =+L59-J59 -> 726.38 | L59: 726.38 | M59: =I59/K59*100 -> 39.359564
A60: 2638 | B60: AGUILAR, FABIAN | C60: 44654 | D60: 0.47864583 | E60: 04_ABRIL | F60: ZITO Y PRIOLA SRL | G60: HINOJO | H60: AC576ZI | I60: 312 | J60: 0 | K60: =+L60-J60 -> 922.77 | L60: 922.77 | M60: =I60/K60*100 -> 33.811242
... A67: 2645 | B67: AGUILAR, FABIAN | C67: 44670 | D67: 0.77767361 | E67: 04_ABRIL | F67: CASA ALARCIA S A C I F I A G | G67: MACACHIN | H67: AC576ZI | I67: 200 | J67: 0 | K67: =+L67-J67 -> 776 | L67: 776 | M67: =I67/K67*100 -> 25.773196
A68: 2646 | B68: AGUILAR, FABIAN | C68: 44671 | D68: 0.86179398 | E68: 04_ABRIL | F68: SERVICIOS CIPOLLETTI S R L | G68: CINCO SALTOS | H68: AC576ZI | I68: 411.36 | K68: =+L68-J68 -> 12345 | L68: 12345 | M68: =I68/K68*100 -> 3.3321993
A69: 2647 | B69: AGUILAR, FABIAN | C69: 44673 | D69: 0.67106481 | E69: 04_ABRIL | F69: GLOBAL OIL SRL | G69: AÑELO | H69: AC576ZI | I69: 350.02 | J69: 0 | K69: =+L69-J69 -> 1506.4 | L69: 1506.4 | M69: =I69/K69*100 -> 23.235528
A70: 2648 | B70: AGUILAR, FABIAN | C70: 44675 | D70: 0.5522338 | E70: 04_ABRIL | F70: CASA ALARCIA S A C I F I A G | G70: MACACHIN | H70: AC576ZI | I70: 351.02 | J70: 0 | K70: =+L70-J70 -> 1031.94 | L70: 1031.94 | M70: =I70/K70*100 -> 34.015544
A71: 2649 | B71: AGUILAR, FABIAN | C71: 44676 | D71: 0.79159722 | E71: 04_ABRIL | F71: PETACCIO ROBERTO LUIS | G71: URQUIZA | H71: AC576ZI | I71: =151.35+137.2 -> 288.55 | J71: 0 | K71: =+L71-J71 -> 840.83 | L71: 840.83 | M71: =I71/K71*100 -> 34.317282
A72: 2650 | B72: AGUILAR, FABIAN | C72: 44678 | D72: 0.48935185 | E72: 04_ABRIL | F72: GRUPO NORTE SRL. | G72: PARAJE PADRE BUODO | H72: AC576ZI | I72: 328.29 | J72: 0 | K72: =+L72-J72 -> 834.9 | L72: 834.9 | M72: =I72/K72*100 -> 39.320877
A73: 2651 | B73: AGUILAR, FABIAN | C73: 44678 | D73: 0.90302083 | E73: 04_ABRIL | F73: GLOBAL OIL SRL | G73: AÑELO | H73: AC576ZI | I73: 274.51 | J73: 0 | K73: =+L73-J73 -> 548.19 | L73: 548.19 | M73: =I73/K73*100 -> 50.075704
A74: 3755 | B74: AGUILAR, FABIAN | C74: 44684 | D74: 0.49538194 | E74: 05_MAYO | F74: GRUPO NORTE SRL. | G74: PARAJE PADRE BUODO | H74: AC576ZI | I74: 392.34 | J74: 0 | K74: =+L74-J74 -> 912 | L74: 912 | M74: =I74/K74*100 -> 43.019737
A75: 3797 | B75: AGUILAR, FABIAN | C75: 44685 | D75: 0.38096065 | E75: 05_MAYO | F75: ZITO Y PRIOLA SRL | G75: LOMA NEGRA | H75: AC576ZI | I75: 100 | J75: 0 | K75: =+L75-J75 -> 500 | L75: 500 | M75: =I75/K75*100 -> 20
A76: 4157 | B76: AGUILAR, FABIAN | C76: 44692 | D76: 0.73104167 | E76: 05_MAYO | F76: BERAZA Y CIA S R L | G76: ALBERTI | H76: AC576ZI | I76: 200 | J76: 0 | K76: =+L76-J76 -> 793 | L76: 793 | M76: =I76/K76*100 -> 25.220681
A77: 4207 | B77: AGUILAR, FABIAN | C77: 44693 | D77: 0.49 | E77: 05_MAYO | F77: GALAN MARIA CRISTINA | G77: PELLEGRINI | H77: AC576ZI | I77: 100 | J77: 0 | K77: =+L77-J77 -> 306 | L77: 306 | M77: =I77/K77*100 -> 32.679739
A78: 4239 | B78: AGUILAR, FABIAN | C78: 44693 | D78: 0.604375 | E78: 05_MAYO | F78: CASA ALARCIA S A C I F I A G | G78: MACACHIN | H78: AC576ZI | I78: 246.365 | J78: 0 | K78: =+L78-J78 -> 123 | L78: 123 | M78: =I78/K78*100 -> 200.29675
A79: 4264 | B79: AGUILAR, FABIAN | C79: 44694 | D79: 0.48184028 | E79: 05_MAYO | F79: GLOBAL OIL SRL | G79: AÑELO | H79: AC576ZI | I79: 300.03 | J79: 0 | K79: =+L79-J209 -> 627 | L79: 627 | M79: =I79/K79*100 -> 47.851675
A80: 4306 | B80: AGUILAR, FABIAN | C80: 44695 | D80: 0.66927083 | E80: 05_MAYO | F80: NG EL LIBERTADOR SRL | G80: GRAL.ALVEAR | H80: AC576ZI | I80: 200 | J80: 0 | K80: =+L80-J351 -> 1051 | L80: 1051 | M80: =I80/K80*100 -> 19.029496
A81: 4374 | B81: AGUILAR, FABIAN | C81: 44696 | D81: 0.69846065 | E81: 05_MAYO | F81: GLOBAL OIL SRL | G81: AÑELO | H81: AC576ZI | I81: 379.9 | J81: 0 | K81: =+L81-J352 -> 575 | L81: 575 | M81: =I81/K81*100 -> 66.069565
A82: 4483 | B82: AGUILAR, FABIAN | C82: 44697 | D82: 0.57138889 | E82: 05_MAYO | F82: CASA ALARCIA S A C I F I A G | G82: MACACHIN | H82: AC576ZI | I82: 100 | J82: 0 | K82: =+L82-J353 -> 590 | L82: 590 | M82: =I82/K82*100 -> 16.949153
A83: 4541 | B83: AGUILAR, FABIAN | C83: 44699 | D83: 0.49135417 | E83: 05_MAYO | F83: OPESSA SALADILLO | G83: SALADILLO | H83: AC576ZI | I83: 292.4 | J83: 0 | K83: =+L83-J351 -> 595 | L83: 595 | M83: =I83/K83*100 -> 49.142857
A84: 4594 | B84: AGUILAR, FABIAN | C84: 44700 | D84: 0.85166667 | E84: 05_MAYO | F84: GALAN MARIA CRISTINA | G84: PELLEGRINI | H84: AC576ZI | I84: 100 | J84: 0 | K84: =+L84-J355 -> 1009 | L84: 1009 | M84: =I84/K84*100 -> 9.9108028
A85: 4643 | B85: AGUILAR, FABIAN | C85: 44701 | D85: 0.41952546 | E85: 05_MAYO | F85: CASA ALARCIA S A C I F I A G | G85: MACACHIN | H85: AC576ZI | I85: 1189 | J85: 0 | K85: =+L85-J356 -> 123 | L85: 123 | M85: =I85/K85*100 -> 966.66667
A86: 4718 | B86: AGUILAR, FABIAN | C86: 44702 | D86: 0.68447917 | E86: 05_MAYO | F86: GRUPO NORTE SRL. | G86: PARAJE PADRE BUODO | H86: AC576ZI | I86: 447.45 | J86: 0 | K86: =+L86-J353 -> 1139 | L86: 1139 | M86: =I86/K86*100 -> 39.28446
A87: 4879 | B87: AGUILAR, FABIAN | C87: 44705 | D87: 0.53059028 | E87: 05_MAYO | F87: EL PARADOR DE MERCEDES SA | G87: MERCEDES | H87: AC576ZI | I87: 202 | J87: 0 | K87: =+L87-J354 -> 1222 | L87: 1222 | M87: =I87/K87*100 -> 16.530278
A88: 4880 | B88: AGUILAR, FABIAN | C88: 44705 | D88: 0.63859954 | E88: 05_MAYO | F88: PETROGUAZZ SA | G88: 9 DE JULIO | H88: AC576ZI | I88: 212.17 | J88: 0 | K88: =+L88-J355 -> 156 | L88: 156 | M88: =I88/K88*100 -> 136.00641
A89: 4932 | B89: AGUILAR, FABIAN | C89: 44706 | D89: 0.41482639 | E89: 05_MAYO | F89: GRUPO NORTE SRL. | G89: PARAJE PADRE BUODO | H89: AC576ZI | I89: 259.01 | J89: 0 | K89: =+L89-J356 -> 431 | L89: 431 | M89: =I89/K89*100 -> 60.095128
A90: 4933 | B90: AGUILAR, FABIAN | C90: 44706 | D90: 0.8896875 | E90: 05_MAYO | F90: GLOBAL OIL SRL | G90: AÑELO | H90: AC576ZI | I90: 252.04 | J90: 0 | K90: =+L90-J357 -> 548 | L90: 548 | M90: =I90/K90*100 -> 45.992701
A91: 5029 | B91: AGUILAR, FABIAN | C91: 44708 | D91: 0.39864583 | E91: 05_MAYO | F91: 01821 - GRUPO NORTE SRL. | G91: PARAJE PADRE BUODO | H91: AC576ZI | I91: 215.42 | J91: 0 | K91: =+L91-J358 -> 574 | L91: 574 | M91: =I91/K91*100 -> 37.529617
A92: 5145 | B92: AGUILAR, FABIAN | C92: 44710 | D92: 0.46855324 | E92: 05_MAYO | F92: 00680 - EL PARADOR DE MERCEDES SA | G92: MERCEDES | H92: AC576ZI | I92: 115.68 | J92: 0 | K92: =+L92-J359 -> 1163 | L92: 1163 | M92: =I92/K92*100 -> 9.9466896
A93: 5146 | B93: AGUILAR, FABIAN | C93: 44710 | D93: 0.5808912 | E93: 05_MAYO | F93: 01806 - PETROGUAZZ SA | G93: 9 DE JULIO | H93: AC576ZI | I93: 250 | J93: 0 | K93: =+L93-J360 -> 156 | L93: 156 | M93: =I93/K93*100 -> 160.25641
A94: 5147 | B94: AGUILAR, FABIAN | C94: 44710 | D94: 0.78560185 | E94: 05_MAYO | F94: 01721 - CASA ALARCIA S A C I F I A G | G94: MACACHIN | H94: AC576ZI | I94: 275.62 | J94: 0 | K94: =+L94-J361 -> 354 | L94: 354 | M94: =I94/K94*100 -> 77.858757
A95: 5198 | B95: AGUILAR, FABIAN | C95: 44711 | D95: 0.81953704 | E95: 05_MAYO | F95: 31207 - GLOBAL OIL SRL | G95: AÑELO | H95: AC576ZI | I95: 293.01 | J95: 0 | K95: =+L95-J361 -> 624 | L95: 624 | M95: =I95/K95*100 -> 46.956731
A96: 5278 | B96: AGUILAR, FABIAN | C96: 44713 | D96: 0.61413194 | E96: 06_JUNIO | F96: 02769 - RUTA 188 SOCIEDAD ANONIMA | G96: GRAL.ALVEAR | H96: AC576ZI | I96: 341.97 | J96: 0 | K96: =+L96-J360 -> 1055 | L96: 1055 | M96: =I96/K96*100 -> 32.414218
A97: 5341 | B97: AGUILAR, FABIAN | C97: 44714 | D97: 0.75543981 | E97: 06_JUNIO | F97: 01517 - GEN SOCIEDAD DE RESP. LIMITADA | G97: CATRIEL | H97: AC576ZI | I97: 296.13 | J97: 0 | K97: =+L97-J360 -> 736 | L97: 736 | M97: =I97/K97*100 -> 40.235054
A98: 5405 | B98: AGUILAR, FABIAN | C98: 44715 | D98: 0.8441088 | E98: 06_JUNIO | F98: 01961 - ZARATE EDUARDO JOSE | G98: TAPALQUE | H98: AC576ZI | I98: 99.97 | J98: 0 | K98: =+L98-J356 -> 831 | L98: 831 | M98: =I98/K98*100 -> 12.030084
A99: 6052 | B99: AGUILAR, FABIAN | C99: 44727 | D99: 0.68608796 | E99: 06_JUNIO | F99: 00444 - ASENSIO E HIJO Y PULLEY SRL | G99: BURZACO | H99: AF369FA | I99: 354.93 | J99: 0 | M99: =I99/K99*100 -> #DIV/0!
A100: 5607 | B100: ALMIRON, MATIAS ERCIL | C100: 44719 | D100: 0.82054398 | E100: 06_JUNIO | F100: 00862 - GOMILA SRL | G100: SANTA FE | H100: AF285JC | I100: 45.97 | J100: 0 | K100: =+L100-#REF! -> #REF! | M100: =I100/K100*100 -> #REF!
B101: BONFFANTINO, ESTEBAN | C101: 44680 | D101: 0.42391204 | F101: GRUPO NORTE SRL. | G101: PARAJE PADRE BUODO | H101: AB475TI | I101: 575 | J101: 0 | K101: =+L101-J101 -> 1089.53 | L101: 1089.53 | M101: =I101/L101*100 -> 52.77505 | O101: Baudino Daniel | Q101: 06_JUNIO | R101: AB 398 KL | S101: YPF HINOJO
A102: 5729 | B102: MONTERSINO, GUSTAVO | C102: 44721 | D102: 0.62990741 | E102: 06_JUNIO | F102: 00674 - BERTONE Y COURTADE SRL | G102: MERCEDES | H102: LLN461 | I102: 303.66 | J102: 0 | K102: =+L102-J364 -> 1276 | L102: 1276 | M102: =I102/K102*100 -> 23.797806
A103: 6057 | B103: ALVAREZ, FERNANDO | C103: 44727 | D103: 0.46398148 | E103: 06_JUNIO | F103: 01821 - GRUPO NORTE SRL. | G103: PARAJE PADRE BUODO | H103: LLN461 | I103: 314 | J103: 0 | K103: 642 | L103: 642 | M103: =I103/K103*100 -> 48.909657
A104: 6220 | B104: ALVAREZ, FERNANDO | C104: 44730 | D104: 0.55400463 | E104: 06_JUNIO | F104: 01821 - GRUPO NORTE SRL. | G104: PARAJE PADRE BUODO | H104: LLN461 | I104: 426.65 | J104: 0 | K104: 1000 | L104: 1000 | M104: =I104/K104*100 -> 42.665
A105: 6346 | B105: ALVAREZ, FERNANDO | C105: 44734 | D105: 0.4119213 | E105: 06_JUNIO | F105: 31243 - SERVILUJAN COMBUSTIBLES SA | G105: LUJAN | H105: LLN461 | I105: 200.02 | J105: 0 | K105: 853 | L105: 853 | M105: =I105/K105*100 -> 23.449004
A106: 6726 | B106: ALVAREZ, FERNANDO | C106: 44741 | D106: 0.59741898 | E106: 06_JUNIO | F106: 00421 - OPESSA ZARATE | G106: ZARATE | H106: LLN461 | I106: 134.77 | J106: 0 | K106: 261 | L106: 261 | M106: =I106/K106*100 -> 51.636015
B107: BRAIN, JOSE MARIA | C107: 44680 | D107: 0.62331019 | F107: CASA ALARCIA S A C I F I A G | G107: MACACHIN | H107: GWS453 | I107: 128.51 | K107: =+L107-J245 -> -704905 | L107: 1234 | M107: =I107/K107*100 -> -0.018230825 | O107: BRAVO JOSE | Q107: 10_OCTUBRE | R107: AB 475 SZ | S107: CINCO SALTOS
B108: BRAIN, JOSE MARIA | C108: 44680 | D108: 0.39842593 | F108: PETROGUAZZ S.A. | G108: 9 DE JULIO | H108: GWS453 | I108: 200 | K108: =+L108-J246 -> -608859 | L108: 98569 | M108: =I108/K108*100 -> -0.032848328 | O108: DURAN SERGIO | R108: AC 399 IS
A109: 6328 | B109: ALVORNOZ, DIEGO | C109: 44734 | D109: 0.5846875 | E109: 06_JUNIO | F109: 00421 - OPESSA ZARATE | G109: ZARATE | H109: AC308BQ | I109: 107.84 | J109: 0 | K109: 194 | L109: 194 | M109: =I109/K109*100 -> 55.587629
A110: 6376 | B110: ALVORNOZ, DIEGO | C110: 44735 | D110: 0.51280093 | E110: 06_JUNIO | F110: 01821 - GRUPO NORTE SRL. | G110: PARAJE PADRE BUODO | H110: AC308BQ | I110: 333.55 | J110: 0 | K110: 860 | L110: 860 | M110: =I110/K110*100 -> 38.784884
A111: 6535 | B111: ALVORNOZ, DIEGO | C111: 44738 | D111: 0.60200231 | E111: 06_JUNIO | F111: 01821 - GRUPO NORTE SRL. | G111: PARAJE PADRE BUODO | H111: AC308BQ | I111: 356.82 | J111: 0 | K111: 904 | L111: 904 | M111: =I111/K111*100 -> 39.471239
A112: 6589 | B112: ALVORNOZ, DIEGO | C112: 44739 | D112: 0.60804398 | E112: 06_JUNIO | F112: 31246 - TIERRA DE OPORTUNIDADES S.A. | G112: CAÑUELAS | H112: AC308BQ | I112: 266.25 | J112: 0 | K112: 777 | L112: 777 | M112: =I112/K112*100 -> 34.266409
A113: 6642 | B113: ALVORNOZ, DIEGO | C113: 44740 | D113: 0.49957176 | E113: 06_JUNIO | F113: 00695 - LA POSTA DE CHIVILCOY S.A | G113: CHIVILCOY | H113: AC308BQ | I113: 165.36 | J113: 0 | K113: 458 | L113: 458 | M113: =I113/K113*100 -> 36.104803
A114: 6643 | B114: ALVORNOZ, DIEGO | C114: 44740 | D114: 0.88163194 | E114: 06_JUNIO | F114: 01821 - GRUPO NORTE SRL. | G114: PARAJE PADRE BUODO | H114: AC308BQ | I114: 201.11 | J114: 0 | K114: 532 | L114: 532 | M114: =I114/K114*100 -> 37.802632
A115: 6751 | B115: ALVORNOZ, DIEGO | C115: 44742 | D115: 0.30959491 | E115: 06_JUNIO | F115: GRUPO NORTE SRL. | G115: PARAJE PADRE BUODO | H115: AC308BQ | I115: 378.84 | K115: 5252 | L115: =+K115-J115 -> 5252 | M115: =I115/L115*100 -> 7.2132521
B116: CACERES, RICARDO | C116: 44680 | D116: 0.57805556 | F116: PETACCIO ROBERTO LUIS | G116: URQUIZA | H116: AF086VB | I116: 200 | J116: 0 | K116: =+L116-J254 -> 897 | L116: 897 | M116: =I116/L116*100 -> 22.296544 | O116: Dellavitta Roberto | R116: AC 308 BQ
B117: CARABAJAL, SANTIAGO | C117: 44680 | D117: 0.74445602 | F117: GRUPO NORTE SRL. | G117: PARAJE PADRE BUODO | H117: LLN462 | I117: 434.23 | J117: 0 | K117: =+L117-J254 -> 1069 | L117: 1069 | M117: =I117/K117*100 -> 40.620206 | O117: Gerardo Martin | R117: AC 576 ZN
B118: DELLAVITTA, ROBERTO | C118: 44680 | D118: 0.86302083 | F118: GLOBAL OIL SRL | G118: AÑELO | H118: OIX583 | I118: 188.01 | J118: 0 | K118: =+L118-J254 -> 429.78 | L118: 429.78 | M118: =I118/K118*100 -> 43.745637 | O118: Lapucheski Cristian | R118: LLN461
B119: DIANA, ANGELO GERMAN | C119: 44680 | D119: 0.59003472 | F119: GRUPO NORTE SRL. | G119: PARAJE PADRE BUODO | H119: JDJ074 | I119: 144.48 | K119: =+L119-J257 -> 8465 | L119: 8465 | M119: =I119/K119*100 -> 1.7067927 | O119: Escobar Pedro | R119: AC 399 IT
B120: FLECHA, ALFONSO | C120: 44680 | D120: 0.86166667 | F120: GLOBAL OIL SRL | G120: AÑELO | H120: MIA865 | I120: 399.01 | J120: 0 | K120: =+L120-J257 -> 992.87 | L120: 992.87 | M120: =I120/K120*100 -> 40.187537 | O120: Gorocito Omar | R120: LDJ115
B121: GOMEZ, JULIO | C121: 44680 | D121: 0.44728009 | F121: PETACCIO ROBERTO LUIS | G121: URQUIZA | H121: AE450BO | I121: =150.01+113.58 -> 263.59 | J121: 0 | K121: =+L121-J259 -> 247.99 | L121: 247.99 | M121: =I121/L121*100 -> 106.29058 | O121: Delgado Miguel | R121: AC 308 BP
B122: GONZALEZ, FRANCISCO | C122: 44680 | D122: 0.81640046 | F122: EL PARADOR DE MERCEDES SA | G122: MERCEDES | H122: JSG078 | I122: 96.93 | J122: 0 | K122: =+L122-J259 -> 253.62 | L122: 253.62 | M122: =I122/K122*100 -> 38.218595 | O122: Fernadez Carlos | R122: AC 576 YL
...
